HHI,alpha,diversity_factor,gini,n_genes_final,n_seasons_completed,run_idx,seed,shannon_diversity,top10_newcomer_rate,top10_share,total_battles
2.161562026789159,0.1,0.9999977976364257,0.13629106369063018,5151.0,100.0,0,200,8.456883152341499,0.0,0.002261480973204038,3983077.0
2.1777813342554566,0.1,0.9999977567912482,0.13689406982910313,5119.0,100.0,1,201,8.449621787597088,0.0,0.00227671270507727,3986588.0
2.166430129772513,0.1,0.9999977904997926,0.13651424738646145,5140.0,100.0,2,202,8.454721327112443,0.0,0.002267000654630356,4004129.0
2.1932361411029584,0.1,0.9999977638469066,0.13580915503767035,5077.0,100.0,3,203,8.442097139855113,0.0,0.0022926538408044447,3963426.0
2.2290613010496774,0.1,0.9999977249211326,0.13548191711958557,4996.0,100.0,4,204,8.425874816882967,0.0,0.0023285357036769857,3936147.0
2.1543785520751317,0.1,0.9999978093590117,0.13551503732603776,5167.0,100.0,5,205,8.459990327895323,0.0,0.002251942601804822,3984874.0
2.145798089471624,0.1,0.9999978205442053,0.1351849090053595,5187.0,100.0,6,206,8.463660675619789,0.0,0.002242232709231292,4024068.0
2.1254212287698135,0.1,0.9999978111257608,0.137401193935404,5245.0,100.0,7,207,8.474127028134939,0.0,0.0022238137060523835,4033106.0
2.1203505176845874,0.1,0.999997858208498,0.1349136645817234,5246.0,100.0,8,208,8.475631172915103,0.0,0.002216559874139319,4090729.0
2.178152818705098,0.1,0.9999977836588027,0.1359365330503083,5111.0,100.0,9,209,8.449237722124218,0.0,0.0022780178839667945,3970473.0
2.1636918591306236,0.1,0.9999978254629102,0.13353646525960736,5138.0,100.0,10,210,8.454974190836896,0.0,0.0022587754674804022,4047340.0
2.1360057868779445,0.1,0.9999978259964613,0.13547714753317944,5212.0,100.0,11,211,8.46869898134534,0.0,0.0022322562708606327,4008466.0
2.1520628591445035,0.1,0.9999978175471452,0.13533711160506157,5171.0,100.0,12,212,8.460899506715045,0.0,0.0022498190225397957,4018626.0
2.1451506829970484,0.1,0.9999977973254945,0.13739869125463586,5195.0,100.0,13,213,8.464865369025148,0.0,0.0022454880149479204,4044373.0
2.186318916496906,0.1,0.9999977788587349,0.1357824438234445,5091.0,100.0,14,214,8.44541659144993,0.0,0.00228655883722871,3974463.0
2.149543240985574,0.1,0.9999977905225835,0.13613987854059434,5185.0,100.0,15,215,8.462332341639705,0.0,0.00224533121081732,4064367.0
2.1462428869532664,0.1,0.9999978235331418,0.13537938013092893,5185.0,100.0,16,216,8.463828104071421,0.0,0.0022438765488438234,4041343.0
2.120524507868652,0.1,0.999997841941957,0.135246130273302,5250.0,100.0,17,217,8.475769143049616,0.0,0.0022153431817774757,4098537.0
2.145568109464605,0.1,0.9999978228444939,0.13455739085793864,5187.0,100.0,18,218,8.463890302092485,0.0,0.0022401172170262453,4002291.0
2.16000697275619,0.1,0.999997771812587,0.13841307093320804,5162.0,100.0,19,219,8.458339750593113,0.0,0.002262971129416973,3955398.0
2.135946240836268,0.1,0.999997852400107,0.13316969862866013,5205.0,100.0,20,220,8.467775865864713,0.0,0.002228431601004566,4064793.0
2.1338354519382197,0.1,0.9999978219655757,0.13564735314024187,5219.0,100.0,21,221,8.46926509815051,0.0,0.0022296399421157503,4093877.0
2.141483972808028,0.1,0.9999978080929224,0.13613802397327712,5202.0,100.0,22,222,8.466045707164238,0.0,0.0022383558927223253,4051479.0
2.148786919623611,0.1,0.9999977869327726,0.13740673020652747,5188.0,100.0,23,223,8.463195928306618,0.0,0.0022482654200792207,3972501.0
2.1496312481581876,0.1,0.9999978082620956,0.13567358962764361,5180.0,100.0,24,224,8.462435670359227,0.0,0.0022465695251237226,4046571.0
2.116916609841064,0.1,0.999997827360415,0.13682702451800705,5264.0,100.0,25,225,8.47802107606963,0.0,0.0022140946803200345,4066897.0
2.164682954364504,0.1,0.9999978079752927,0.13454183281797452,5140.0,100.0,26,226,8.454887926100083,0.0,0.002260728084851266,4026319.0
2.1043736045697203,0.1,0.9999978522848273,0.13513476488629889,5292.0,100.0,27,227,8.483352977721525,0.0,0.002197140026726741,4127608.0
2.155739339901659,0.1,0.9999977920026238,0.13750702544138285,5168.0,100.0,28,228,8.4600973777287,0.0,0.002257820580898176,3965828.0
2.1400214867215195,0.1,0.9999978116390219,0.13622699266980165,5205.0,100.0,29,229,8.466848360914508,0.0,0.0022374817301829756,4084241.0
2.115071937120665,0.1,0.9999978349886058,0.1365752718677479,5267.0,100.0,30,230,8.478624625575105,0.0,0.002212230601039593,4100297.0
2.1184154289674777,0.1,0.9999978232038258,0.1371917929629791,5261.0,100.0,31,231,8.477075854551268,0.0,0.002216533903894023,4056657.0
2.152874587983261,0.1,0.999997809428127,0.13619419217991938,5171.0,100.0,32,232,8.460713037286858,0.0,0.002252533920564087,4056853.0
2.17195126340044,0.1,0.9999977808124813,0.1364648230194853,5128.0,100.0,33,233,8.452380466286815,0.0,0.0022719213106341253,3969358.0
2.118922763593743,0.1,0.9999978470825751,0.13489541302554475,5253.0,100.0,34,234,8.476310411696193,0.0,0.002213047483059578,4098115.0
2.122034950679012,0.1,0.999997859549657,0.13422046412605407,5241.0,100.0,35,235,8.474806187135728,0.0,0.002216393735513745,4104946.0
2.161584314601157,0.1,0.9999977898771397,0.13597450576171113,5153.0,100.0,36,236,8.456661216661345,0.0,0.002259205743532325,3991374.0
2.1435092741783555,0.1,0.9999978322911828,0.13535797375218273,5190.0,100.0,37,237,8.464972303525203,0.0,0.002241894366314936,4054793.0
2.1574440903040437,0.1,0.9999978199946576,0.1347187285708102,5156.0,100.0,38,238,8.458791667116328,0.0,0.002254482424788163,4016252.0
2.198885687252541,0.1,0.9999977852530054,0.1345546567979678,5057.0,100.0,39,239,8.439469578985744,0.0,0.0022983627173345966,3938475.0
2.113075247655457,0.1,0.9999978477515928,0.13541817182935395,5269.0,100.0,40,240,8.479140109170164,0.0,0.0022079205508043526,4214594.0
2.1329576729894217,0.1,0.9999978417676829,0.13561036475295757,5216.0,100.0,41,241,8.470183137745522,0.0,0.002231521539694825,4032971.0
2.1410970649450167,0.1,0.9999978082674476,0.1358495595879734,5203.0,100.0,42,242,8.466363247025303,0.0,0.0022368915821270588,4080537.0
2.1681607081692045,0.1,0.9999977997270163,0.13476648523004434,5133.0,100.0,43,243,8.45320816731266,0.0,0.0022644302069432143,4031521.0
2.1370213150566544,0.1,0.99999779744711,0.13713841355914463,5217.0,100.0,44,244,8.468424979537854,0.0,0.002234769120535392,4118003.0
2.1273526617721075,0.1,0.9999978501569594,0.13430688735143217,5229.0,100.0,45,245,8.47212428888019,0.0,0.00222163265210384,4078237.0
2.1591822981833197,0.1,0.999997783815416,0.13679390227912352,5161.0,100.0,46,246,8.458236191518548,0.0,0.002258191739292418,4034855.0
2.1829041062302514,0.1,0.9999977975902233,0.13444583461739545,5095.0,100.0,47,247,8.446797413719631,0.0,0.0022806455917735967,4000487.0
2.2102013706349495,0.1,0.9999977348477258,0.13692895053801699,5041.0,100.0,48,248,8.434597550542453,0.0,0.0023126086943498184,3960456.0
2.117199305360759,0.1,0.9999978462147208,0.13439710864731655,5258.0,100.0,49,249,8.47702030094476,0.0,0.0022091289951541916,4148796.0
2.1142609873223845,0.3,0.9999935076891951,0.13694778664960386,5269.0,100.0,0,1200,8.47928320975635,0.0,0.0022126689082907587,4104220.0
2.1494383721604557,0.3,0.9999934417729418,0.1357162292079802,5179.0,100.0,1,1201,8.462066208905929,0.0,0.0022474084555691646,4023545.0
2.1276650482689026,0.3,0.9999934206508552,0.1374722675284849,5240.0,100.0,2,1202,8.47307311927388,0.0,0.002226114379556608,4095217.0
2.1056262531934524,0.3,0.999993605124795,0.13482136525817234,5284.0,100.0,3,1203,8.482745714950457,0.0,0.0022000732345402603,4051324.0
2.121330660487972,0.3,0.9999935452289235,0.13493725750476226,5246.0,100.0,4,1204,8.475629443730485,0.0,0.0022162335528415475,4059595.0
2.1814566954717156,0.3,0.999993355415692,0.1345281489977503,5102.0,100.0,5,1205,8.4470616058472,0.0,0.0022773041944625333,3977930.0
2.130670003217189,0.3,0.9999934070815895,0.13723574540811453,5233.0,100.0,6,1206,8.471688510505569,0.0,0.002228189873381061,4045510.0
2.150428286033978,0.3,0.9999934568515968,0.13430254268783237,5175.0,100.0,7,1207,8.461480884799848,0.0,0.0022444764223396325,4053349.0
2.1152822285301554,0.3,0.9999936287605354,0.13407907395941404,5255.0,100.0,8,1208,8.478041448518148,0.0,0.002210414456579443,4128480.0
2.167866873707286,0.3,0.9999934194030206,0.13491031585787405,5132.0,100.0,9,1209,8.453455404430558,0.0,0.002265625193920161,4006474.0
2.1496240325137186,0.3,0.9999933803213373,0.13668095368773464,5184.0,100.0,10,1210,8.46249614470843,0.0,0.002247792573037234,4050020.0
2.141482792436395,0.3,0.9999934909346546,0.1352794195992188,5196.0,100.0,11,1211,8.465753402249925,0.0,0.0022389050124675294,4021772.0
2.1392252852199114,0.3,0.9999934256153002,0.13643301989410037,5208.0,100.0,12,1212,8.467267542889534,0.0,0.002236715237773768,4035959.0
2.1324788702564312,0.3,0.999993484593109,0.13480725441258934,5221.0,100.0,13,1213,8.469901877613767,0.0,0.0022260766806516,4120365.0
2.1355439921260073,0.3,0.9999934587422618,0.13515054333161713,5215.0,100.0,14,1214,8.46866827526534,0.0,0.0022295941367533705,4065208.0
2.152109133839577,0.3,0.9999935186747929,0.1337607030145632,5165.0,100.0,15,1215,8.46074242817277,0.0,0.002247799857539664,3998328.0
2.1357999710854902,0.3,0.9999935062791814,0.13462330331353686,5210.0,100.0,16,1216,8.467944786471405,0.0,0.002230634784273664,4067703.0
2.119713702416508,0.3,0.9999935501690068,0.13459221183372813,5250.0,100.0,17,1217,8.47579084660106,0.0,0.0022134093554937134,4126787.0
2.135396541796908,0.3,0.9999934631666876,0.13645938065582164,5215.0,100.0,18,1218,8.468829865842807,0.0,0.0022341793855431566,4024702.0
2.108129131806504,0.3,0.9999935622815062,0.13491086419407125,5281.0,100.0,19,1219,8.481402615478105,0.0,0.0022011866240839277,4153161.0
2.1300729760860135,0.3,0.9999934798345481,0.135953408157632,5228.0,100.0,20,1220,8.47156110381113,0.0,0.0022268448541332146,4107783.0
2.1899833258831056,0.3,0.9999932845775025,0.13606876834108664,5086.0,100.0,21,1221,8.443920520959782,0.0,0.0022892712927212945,3927948.0
2.200124421877872,0.3,0.9999932248860399,0.13701526475503198,5065.0,100.0,22,1222,8.43953574559492,0.0,0.002301755739323679,3914827.0
2.2059550853777163,0.3,0.9999932847804252,0.13528611760284465,5045.0,100.0,23,1223,8.436131719177778,0.0,0.0023057791073999127,3906482.0
2.1510312290091695,0.3,0.9999933269334514,0.138246921299623,5185.0,100.0,24,1224,8.462548438783669,0.0,0.002252119284147332,3930990.0
2.1645288262599482,0.3,0.9999933718335952,0.135847587127284,5145.0,100.0,25,1225,8.455215785094405,0.0,0.0022624000722527736,4007106.0
2.1253895453383373,0.3,0.999993488930016,0.1370185671883122,5240.0,100.0,26,1226,8.474164668910628,0.0,0.0022253767530904275,4002691.0
2.1327968061365934,0.3,0.9999934860628094,0.1357643251567774,5220.0,100.0,27,1227,8.470222939027563,0.0,0.002229794574202006,4064561.0
2.11059795881589,0.3,0.9999936716937956,0.1327853978338218,5264.0,100.0,28,1228,8.479680332312187,0.0,0.002202664464286267,4080063.0
2.1338268298049283,0.3,0.9999934992369236,0.13542695391136242,5216.0,100.0,29,1229,8.46928748537719,0.0,0.0022306069168509034,4069302.0
2.1451892002408783,0.3,0.9999934464793832,0.13477469760840602,5190.0,100.0,30,1230,8.463604726551331,0.0,0.002239319118355779,4091528.0
2.1637068225001164,0.3,0.9999933964988826,0.13517817608422347,5145.0,100.0,31,1231,8.455771903272417,0.0,0.002260343181351934,4021342.0
2.1181707639784686,0.3,0.9999935420866813,0.135257302486762,5255.0,100.0,32,1232,8.476810456622108,0.0,0.0022133942151103606,4079397.0
2.1533527206816205,0.3,0.9999933915173552,0.13603935823050908,5173.0,100.0,33,1233,8.460678336868142,0.0,0.002250606180942746,4043362.0
2.1362362552967196,0.3,0.9999934931879437,0.13510642673751871,5210.0,100.0,34,1234,8.468480992272609,0.0,0.002232058814754298,4082035.0
2.179991758669232,0.3,0.9999933187934874,0.13653973269741798,5109.0,100.0,35,1235,8.448689900681682,0.0,0.002280669266586601,3947402.0
2.103349174704848,0.3,0.9999935876074854,0.13602706300098769,5292.0,100.0,36,1236,8.483982229867049,0.0,0.0022005736837304697,4111901.0
2.137403831921818,0.3,0.9999934692096846,0.13519883081098502,5209.0,100.0,37,1237,8.467823687937962,0.0,0.002232526852285252,4066775.0
2.1641556495857017,0.3,0.999993405710611,0.1360872500565024,5143.0,100.0,38,1238,8.455665463818862,0.0,0.0022645634903989686,3962568.0
2.1438268951827837,0.3,0.9999934205969615,0.1367511491597555,5196.0,100.0,39,1239,8.465182093660935,0.0,0.00224315052285841,4044726.0
2.128589376944966,0.3,0.9999934695132636,0.13576370934701426,5233.0,100.0,40,1240,8.471812045277034,0.0,0.002223905022568873,4048747.0
2.1129232173841004,0.3,0.9999935154250341,0.13656167531851873,5272.0,100.0,41,1241,8.479798637085905,0.0,0.002210125347938466,4130884.0
2.158983326626706,0.3,0.9999934138114756,0.1347531011422967,5156.0,100.0,42,1242,8.457732130982704,0.0,0.0022540722862127525,3967940.0
2.1456470263351832,0.3,0.9999934216043463,0.1364012038462203,5191.0,100.0,43,1243,8.464305492659769,0.0,0.002244142458193301,4022525.0
2.153728721780142,0.3,0.9999933914500209,0.13634759867790158,5172.0,100.0,44,1244,8.460611236876275,0.0,0.0022521053140423506,4032364.0
2.149351380029373,0.3,0.9999934779634576,0.1349935009771967,5176.0,100.0,45,1245,8.462128754958346,0.0,0.0022466544767471516,4007894.0
2.1843018196025725,0.3,0.9999933624060762,0.1351971422184269,5094.0,100.0,46,1246,8.44587758599859,0.0,0.0022834778237047918,3956767.0
2.103766633566978,0.3,0.9999935001806587,0.13717287132369693,5299.0,100.0,47,1247,8.4842072179373,0.0,0.002200369843044878,4082594.0
2.1360304755673263,0.3,0.9999934331138659,0.136546542571031,5216.0,100.0,48,1248,8.468573786601151,0.0,0.0022336868851771754,4100694.0
2.143698929330328,0.3,0.9999935357893549,0.13380415580499902,5186.0,100.0,49,1249,8.464625235047682,0.0,0.0022387465696775454,4067936.0
2.067591940732221,0.5,0.9999895034062917,0.13522871305150735,5383.0,100.0,0,2200,8.501216218813402,0.0,0.0021607247705603067,4254538.0
2.1613811305156814,0.5,0.9999889031284497,0.1355840770602149,5156.0,100.0,1,2201,8.456652583212637,0.0,0.0022561536184922404,4051177.0
2.1836750605845876,0.5,0.9999887571744142,0.1371139946109954,5105.0,100.0,2,2202,8.447097658427069,0.0,0.0022838013462963542,3970999.0
2.121898593485315,0.5,0.9999891773397711,0.13556440058323155,5248.0,100.0,3,2203,8.475111659469356,0.0,0.0022170574049581973,4122662.0
2.1617718446125704,0.5,0.9999889588931973,0.13617394577420874,5152.0,100.0,4,2204,8.45660665839941,0.0,0.0022604007509776846,4015398.0
2.1535026916642113,0.5,0.9999889036919644,0.13700101899573675,5177.0,100.0,5,2205,8.46063327803498,0.0,0.0022516135541104923,4003167.0
2.1100428979937154,0.5,0.9999893184539431,0.13563283365541137,5273.0,100.0,6,2206,8.481004180961358,0.0,0.0022074339853472786,4106070.0
2.0954793344429135,0.5,0.9999892619474146,0.13565341878516016,5317.0,100.0,7,2207,8.487538035141164,0.0,0.002188187836710012,4179560.0
2.1166713011340863,0.5,0.999989257525509,0.13494542738510626,5258.0,100.0,8,2208,8.47762635950582,0.0,0.0022111579596657133,4097415.0
2.08502354672406,0.5,0.9999893797362674,0.13606681883322727,5340.0,100.0,9,2209,8.492955977344312,0.0,0.0021806694390433244,4152098.0
2.129711486124684,0.5,0.9999892244029474,0.13448689468602132,5224.0,100.0,10,2210,8.471360520655583,0.0,0.002224220486843349,4047809.0
2.1635200672085806,0.5,0.9999890413274911,0.1356015283997807,5143.0,100.0,11,2211,8.456103687282281,0.0,0.002263034309510132,3990674.0
2.1649248441813347,0.5,0.999989065699911,0.1346841653510848,5138.0,100.0,12,2212,8.45473394622149,0.0,0.0022623383308215503,4002472.0
2.1535388739757617,0.5,0.9999890513870494,0.13438897975592648,5169.0,100.0,13,2213,8.460036115159548,0.0,0.002247153260712543,4055258.0
2.0963469171897806,0.5,0.9999894135467664,0.13465707746681818,5306.0,100.0,14,2214,8.487048269494831,0.0,0.0021906234075130477,4158231.0
2.1326741638603353,0.5,0.9999891129029681,0.13530573274698235,5222.0,100.0,15,2215,8.46993402365334,0.0,0.0022271199998160933,4051116.0
2.19418917732329,0.5,0.9999887910281736,0.13532043753271553,5076.0,100.0,16,2216,8.441368976812592,0.0,0.0022911910478802585,3992195.0
2.093887417136886,0.5,0.9999893946573464,0.13438324464234838,5314.0,100.0,17,2217,8.488053627621701,0.0,0.0021861324744094123,4167547.0
2.151178335821248,0.5,0.9999890199334928,0.1360514502596976,5177.0,100.0,18,2218,8.461555201856703,0.0,0.002249101022548641,3995250.0
2.138724124732908,0.5,0.9999892525110319,0.13434613412980576,5198.0,100.0,19,2219,8.467005487042385,0.0,0.0022354719474116432,4053465.0
2.187238442162466,0.5,0.9999889062762499,0.13482473584819815,5088.0,100.0,20,2220,8.444826812210572,0.0,0.002284639719767433,3927511.0
2.0936363105610565,0.5,0.9999894958456154,0.1341902041605986,5309.0,100.0,21,2221,8.48811144726464,0.0,0.0021883629916261012,4086965.0
2.1324102734158212,0.5,0.999989052800473,0.137244889111104,5226.0,100.0,22,2222,8.4708138019426,0.0,0.0022316086476100276,4036085.0
2.0852616948636595,0.5,0.9999894380285355,0.13531443019461986,5336.0,100.0,23,2223,8.49281801979654,0.0,0.0021802406265448264,4147067.0
2.0938413235917546,0.5,0.9999892202010864,0.13706956904181444,5324.0,100.0,24,2224,8.48888739787978,0.0,0.002189681964189618,4132206.0
2.1631255573900154,0.5,0.9999890988852274,0.1337486908192093,5141.0,100.0,25,2225,8.455176934058397,0.0,0.00225795800457425,4072561.0
2.1715614321222105,0.5,0.9999889045934249,0.13609001339910032,5129.0,100.0,26,2226,8.452175984107472,0.0,0.0022701852445075645,3984722.0
2.1489604204296517,0.5,0.999989019026364,0.13567431250848894,5183.0,100.0,27,2227,8.46247038181507,0.0,0.002245101057554491,4036842.0
2.1741180204195105,0.5,0.9999888147726903,0.1370046884758775,5127.0,100.0,28,2228,8.451344751861253,0.0,0.0022736692474681487,3978399.0
2.1088554575531377,0.5,0.9999891983193384,0.13626810159687158,5283.0,100.0,29,2229,8.48140022840843,0.0,0.002204435188240192,4116083.0
2.1188618353914044,0.5,0.9999892747663167,0.13417512213131566,5251.0,100.0,30,2230,8.476407096943,0.0,0.00221169453599165,4088738.0
2.158054345804589,0.5,0.9999890131000744,0.13567195383319708,5159.0,100.0,31,2231,8.458520119997939,0.0,0.002255853473003374,3996623.0
2.13173850709882,0.5,0.9999891780377494,0.13516046362191167,5221.0,100.0,32,2232,8.470356258883264,0.0,0.002227540815131308,4100017.0
2.183679187188655,0.5,0.9999889107232756,0.13509643633215068,5097.0,100.0,33,2233,8.446545744654768,0.0,0.00228143974049767,3979005.0
2.169866834617463,0.5,0.9999890654405357,0.13483524818624795,5125.0,100.0,34,2234,8.45245416728081,0.0,0.0022687989832557835,3950215.0
2.110450909427434,0.5,0.9999893880641523,0.1338124674318708,5268.0,100.0,35,2235,8.480237239471187,0.0,0.0022039078473915503,4096039.0
2.1846512370582256,0.5,0.9999887467490821,0.13749056721509847,5103.0,100.0,36,2236,8.446501231447463,0.0,0.0022859920704584695,3937348.0
2.1354157081909486,0.5,0.9999891779524265,0.13497449713429982,5211.0,100.0,37,2237,8.468509880890853,0.0,0.002231344403355852,4061489.0
2.192084555776037,0.5,0.9999889156941804,0.13501383477482107,5075.0,100.0,38,2238,8.442352876715766,0.0,0.0022914908038242352,3977342.0
2.1698270171916887,0.5,0.9999890103458537,0.1345443377463804,5128.0,100.0,39,2239,8.452201372307849,0.0,0.002266010883238013,4011829.0
2.136181406167731,0.5,0.9999890844421349,0.13627466717769948,5214.0,100.0,40,2240,8.468556811046312,0.0,0.0022337928468580954,4037348.0
2.1570644968559503,0.5,0.9999891001965098,0.13518623152521317,5157.0,100.0,41,2241,8.458837819370354,0.0,0.002255690996345971,3998652.0
2.1062684794820217,0.5,0.9999892024350276,0.13648277096923367,5290.0,100.0,42,2242,8.482776294717029,0.0,0.002202135561597137,4120515.0
2.111705581716181,0.5,0.9999891993449385,0.13681915826351662,5275.0,100.0,43,2243,8.48032224130834,0.0,0.002209779701456565,4020189.0
2.094991819306049,0.5,0.9999894635556389,0.1340975236297574,5307.0,100.0,44,2244,8.487676608886385,0.0,0.002188659841998944,4122717.0
2.1485540239580487,0.5,0.9999890765967284,0.13565304720166216,5181.0,100.0,45,2245,8.462589600153972,0.0,0.0022463535237331974,4000949.0
2.1668756481996105,0.5,0.9999889870868968,0.13574239598468127,5137.0,100.0,46,2246,8.454298360370206,0.0,0.0022659057529923763,3949092.0
2.1547342438817436,0.5,0.9999890852819471,0.13484543160679843,5164.0,100.0,47,2247,8.459767913481208,0.0,0.0022512415716862267,4006356.0
2.1124333635423014,0.5,0.9999893430125623,0.1344722376919025,5265.0,100.0,48,2248,8.479306089442215,0.0,0.002207120753633023,4126716.0
2.1345596973779446,0.5,0.9999892576087402,0.13485205208877946,5209.0,100.0,49,2249,8.469276643855181,0.0,0.0022323572051502903,4035187.0
2.1230879351280807,0.7,0.9999849687138279,0.13498978642067974,5240.0,100.0,0,3200,8.474551467889022,0.0,0.00221919957538775,4091511.0
2.153854350843425,0.7,0.9999846498876345,0.1355025412866549,5169.0,100.0,1,3201,8.460304624081536,0.0,0.0022508749463556856,4033954.0
2.0842337926451218,0.7,0.9999851869558474,0.1352815551797946,5340.0,100.0,2,3202,8.493293754533259,0.0,0.0021783027908239406,4157516.0
2.123492056053718,0.7,0.9999848639685545,0.13576150418204563,5243.0,100.0,3,3203,8.474361672903349,0.0,0.0022200256740289035,4090863.0
2.137202212542611,0.7,0.9999846210333829,0.13622379177658595,5215.0,100.0,4,3204,8.468118997616386,0.0,0.0022326959230279304,4079031.0
2.148865348805284,0.7,0.9999847115592054,0.13593463310405188,5180.0,100.0,5,3205,8.462862552585374,0.0,0.0022477823855007522,3966922.0
2.084678778179583,0.7,0.9999851067148147,0.1352772846735647,5342.0,100.0,6,3206,8.492643183947935,0.0,0.002177068884651408,4196546.0
2.145904418930253,0.7,0.999984866700795,0.13450353469428905,5182.0,100.0,7,3207,8.463606253927194,0.0,0.0022427586129076266,4038761.0
2.2031675552867305,0.7,0.9999844439173665,0.13412375979718358,5048.0,100.0,8,3208,8.43701602846935,0.0,0.0023008309495899837,3960367.0
2.1658831362792044,0.7,0.9999845189184795,0.13570864837438357,5142.0,100.0,9,3209,8.454776604714278,0.0,0.0022631552401085296,4009360.0
2.1636137557360007,0.7,0.999984598414541,0.13535595133953768,5145.0,100.0,10,3210,8.455420150526187,0.0,0.0022610058722790497,3985940.0
2.1443223998724164,0.7,0.999984561590562,0.13783087001789557,5198.0,100.0,11,3211,8.46541836460196,0.0,0.0022455295382342827,4016071.0
2.164531810984685,0.7,0.9999848256973503,0.13287174414605468,5134.0,100.0,12,3212,8.454681104775517,0.0,0.002258541078697859,4019965.0
2.128828568443693,0.7,0.9999848478618761,0.13533241484600225,5229.0,100.0,13,3213,8.471847833996717,0.0,0.0022246215237027,4075854.0
2.1388869308599405,0.7,0.9999848385804283,0.13466566327546334,5202.0,100.0,14,3214,8.467165589452316,0.0,0.002234199762469606,4074753.0
2.1069202497291606,0.7,0.9999850884683026,0.13545521913438294,5280.0,100.0,15,3215,8.482443100718157,0.0,0.0022040196734503677,4049371.0
2.186528925397032,0.7,0.999984491458073,0.13440468380419526,5089.0,100.0,16,3216,8.444893242823866,0.0,0.0022828392948224412,3996418.0
2.0980458216705773,0.7,0.9999850351871619,0.1357563889081497,5307.0,100.0,17,3217,8.486332707361631,0.0,0.002193181385724596,4141341.0
2.156997590386228,0.7,0.9999845872216369,0.13618698741875665,5163.0,100.0,18,3218,8.458983749692344,0.0,0.0022556713899125236,4015426.0
2.158108858251863,0.7,0.9999845356870144,0.1361613650134836,5162.0,100.0,19,3219,8.45837609452104,0.0,0.0022557496540500624,3992607.0
2.1399123046216304,0.7,0.9999847409227188,0.136419513890689,5203.0,100.0,20,3220,8.467105717897608,0.0,0.002239314702722388,4036916.0
2.156149682289887,0.7,0.9999845416099266,0.13617128707909662,5167.0,100.0,21,3221,8.459149043185896,0.0,0.0022535905809744593,4010993.0
2.18033576998782,0.7,0.9999843865019072,0.13592689003697286,5109.0,100.0,22,3222,8.447918171517701,0.0,0.0022784143168936327,3968059.0
2.16959940305448,0.7,0.9999845506276849,0.1355903097359752,5131.0,100.0,23,3223,8.45304260252506,0.0,0.0022679436326606887,4038739.0
2.1106838493157554,0.7,0.9999850765755424,0.1348339637575044,5270.0,100.0,24,3224,8.480447105821662,0.0,0.0022061666046330874,4068127.0
2.134819102380304,0.7,0.9999848393907611,0.1346368157762793,5213.0,100.0,25,3225,8.469026636879137,0.0,0.0022292241933296437,4041874.0
2.1711314052266606,0.7,0.9999844965732183,0.13605220061715212,5129.0,100.0,26,3226,8.452046046562682,0.0,0.0022702423771833987,3989844.0
2.091255593730783,0.7,0.9999850893503158,0.1355697953347118,5324.0,100.0,27,3227,8.489464978322864,0.0,0.0021856067043165613,4147377.0
2.138169636344452,0.7,0.9999846821408561,0.13547680717234228,5210.0,100.0,28,3228,8.467250966389827,0.0,0.0022326671295409264,4076735.0
2.1352947682963,0.7,0.9999848576336623,0.13471828457739582,5211.0,100.0,29,3229,8.46881693806445,0.0,0.002230467935204895,4035145.0
2.173540657904095,0.7,0.9999846480088679,0.13503900477772562,5117.0,100.0,30,3230,8.451282523423291,0.0,0.002272922807002869,3936126.0
2.130257809722993,0.7,0.9999849786441807,0.1335618456515194,5220.0,100.0,31,3231,8.470636782872045,0.0,0.0022231861624561443,4061501.0
2.1442045108198045,0.7,0.9999846735726098,0.13641623657140556,5194.0,100.0,32,3232,8.464836359885972,0.0,0.0022429900115139632,4031822.0
2.132990939690885,0.7,0.9999848129862222,0.1355911627614706,5219.0,100.0,33,3233,8.469867559740761,0.0,0.0022297350039560153,4049964.0
2.133376107823948,0.7,0.9999848631753528,0.13550149489099197,5216.0,100.0,34,3234,8.469960370613165,0.0,0.0022310144602247736,4047445.0
2.138000308965736,0.7,0.9999847197939271,0.13607652281452468,5209.0,100.0,35,3235,8.467699508973032,0.0,0.002235356814217438,4048436.0
2.11713605346907,0.7,0.9999848521001816,0.13563906969796247,5261.0,100.0,36,3236,8.477404701596694,0.0,0.002211638457264663,4121202.0
2.171400400669507,0.7,0.9999845309885602,0.1357953446911419,5127.0,100.0,37,3237,8.451903370325912,0.0,0.0022704607402137945,4013573.0
2.1490481570371442,0.7,0.9999847248576154,0.13536674666652673,5179.0,100.0,38,3238,8.462326549771378,0.0,0.0022463501756036495,4038174.0
2.165028226032308,0.7,0.9999843144921361,0.13767130683334888,5152.0,100.0,39,3239,8.455593746541396,0.0,0.002264458804603248,4003538.0
2.124516113940186,0.7,0.9999848177443772,0.13564383538453806,5242.0,100.0,40,3240,8.473760833515813,0.0,0.0022198245601456838,4079010.0
2.164862995026648,0.7,0.9999846433225709,0.1345298427045377,5140.0,100.0,41,3241,8.45477813885581,0.0,0.0022606423685044277,4016711.0
2.1373274829504605,0.7,0.9999849218961946,0.13354171277478252,5203.0,100.0,42,3242,8.467173493269838,0.0,0.002230357087598661,4052974.0
2.106325024151586,0.7,0.9999849295388216,0.13646457916219673,5288.0,100.0,43,3243,8.4828302363656,0.0,0.0022031995016871236,4079139.0
2.1164167293248433,0.7,0.9999850797648401,0.13390392197170833,5254.0,100.0,44,3244,8.477147940113126,0.0,0.0022099959352754215,4151991.0
2.1253571647981535,0.7,0.9999849119076566,0.13507239795106746,5236.0,100.0,45,3245,8.47338248702989,0.0,0.0022209451265060914,4068154.0
2.1118393263638917,0.7,0.9999851471016952,0.1338914818137411,5264.0,100.0,46,3246,8.479462711342046,0.0,0.002205931360800992,4146454.0
2.1669419243532837,0.7,0.9999845507893231,0.13578387253113544,5138.0,100.0,47,3247,8.454426306046452,0.0,0.002265399878676194,3984563.0
2.1771322852519357,0.7,0.9999846107912294,0.13444147081617752,5109.0,100.0,48,3248,8.449309857061289,0.0,0.0022743148631497122,3987306.0
2.128491687675311,0.7,0.9999849483095034,0.1349788683854998,5226.0,100.0,49,3249,8.472010169396638,0.0,0.002225213212814286,4060003.0
2.143798781466542,0.9,0.9999802311168458,0.13702497614579662,5197.0,100.0,0,4200,8.46519871193738,0.0,0.002243522309291179,4000661.0
2.1701846668719265,0.9,0.9999803235465223,0.13419547597975168,5124.0,100.0,1,4201,8.452280794261245,0.0,0.0022670414112931758,3987829.0
2.0961168921271454,0.9,0.9999805823625568,0.13709126824464354,5318.0,100.0,2,4202,8.487859330728327,0.0,0.00219227142926777,4151004.0
2.1421869682324184,0.9,0.9999804762506952,0.1342953506736156,5194.0,100.0,3,4203,8.465101202937054,0.0,0.002236408164054662,4057994.0
2.1536137776781956,0.9,0.9999803532470355,0.13619260887351942,5167.0,100.0,4,4204,8.460827018384933,0.0,0.002254549772761195,4046403.0
2.165365055936393,0.9,0.9999800063583543,0.1367370424767881,5146.0,100.0,5,4205,8.455402174350944,0.0,0.002264606609453513,3964777.0
2.1268841485594194,0.9,0.9999805950454398,0.13479443154569368,5232.0,100.0,6,4206,8.472434378155887,0.0,0.002221784941029606,4091029.0
2.1339031400481168,0.9,0.9999805902829426,0.13483339138979694,5213.0,100.0,7,4207,8.469622965675521,0.0,0.0022302157393220873,4060325.0
2.1612621571373856,0.9,0.9999803077339168,0.1343455324508194,5148.0,100.0,8,4208,8.456553968275356,0.0,0.002256550192047536,4049501.0
2.1317107364520695,0.9,0.9999804900359462,0.13516576390717847,5222.0,100.0,9,4209,8.470586850387235,0.0,0.0022270034631211885,4078211.0
2.1441873296984513,0.9,0.9999802294753279,0.13668751780908908,5196.0,100.0,10,4210,8.465112538657792,0.0,0.0022427732404184672,4018002.0
2.1620933198394336,0.9,0.9999803688832462,0.13430899881508707,5144.0,100.0,11,4211,8.455924344984627,0.0,0.002258512955789155,4002185.0
2.1743485529630866,0.9,0.9999799144447896,0.13633408006814624,5125.0,100.0,12,4212,8.450941036730319,0.0,0.002272433459555526,4010237.0
2.1425040640707644,0.9,0.9999802810332998,0.13594749365494874,5199.0,100.0,13,4213,8.465621043869156,0.0,0.0022390484607701707,4061648.0
2.157581819126039,0.9,0.9999801985869056,0.13555579445649912,5161.0,100.0,14,4214,8.458454300339321,0.0,0.0022544630449376113,4010830.0
2.1467585937385754,0.9,0.9999806338215942,0.13395633634355594,5177.0,100.0,15,4215,8.463131003000353,0.0,0.0022434315856346377,4033749.0
2.137207787415355,0.9,0.9999803259372524,0.13622960172173681,5212.0,100.0,16,4216,8.468238317891153,0.0,0.0022344528704566287,4022151.0
2.1476153510398155,0.9,0.9999802884229428,0.13639770981192828,5185.0,100.0,17,4217,8.463388218553453,0.0,0.002246922050310056,4050623.0
2.087067939523193,0.9,0.9999807627338893,0.13634058281182004,5338.0,100.0,18,4218,8.492061946558465,0.0,0.0021819367882054738,4124218.0
2.1830099625030495,0.9,0.9999800996326101,0.13468933186782625,5097.0,100.0,19,4219,8.446702970135872,0.0,0.0022802814345961567,3926337.0
2.1552885952399183,0.9,0.9999801687740835,0.13622776806602785,5168.0,100.0,20,4220,8.459845429505696,0.0,0.0022534527730041195,4006788.0
2.167376347325483,0.9,0.9999800635757385,0.13696972976581986,5139.0,100.0,21,4221,8.454363875468085,0.0,0.002268858298408384,3970393.0
2.171327076918841,0.9,0.99998001524172,0.13618487403616159,5130.0,100.0,22,4222,8.452666024776509,0.0,0.00226997048828089,4015697.0
2.2044919793383935,0.9,0.9999795979926461,0.13660050541223204,5056.0,100.0,23,4223,8.437173286723253,0.0,0.0023042257509088403,3970707.0
2.1023917821010527,0.9,0.9999807848673583,0.13495218804157075,5294.0,100.0,24,4224,8.484069286963358,0.0,0.002196128892933822,4127181.0
2.1659570176818947,0.9,0.9999802936547928,0.13485594442151125,5136.0,100.0,25,4225,8.45432430683846,0.0,0.002263757129194248,4050803.0
2.1595213187197113,0.9,0.9999802947761797,0.13391783349522254,5153.0,100.0,26,4226,8.457049879838875,0.0,0.002252792156935191,4047217.0
2.143045957071887,0.9,0.9999802988842296,0.13507671064509214,5197.0,100.0,27,4227,8.465144409569081,0.0,0.0022370383815340285,4059526.0
2.172794603928045,0.9,0.9999801228972156,0.13571049171162636,5123.0,100.0,28,4228,8.451703915356369,0.0,0.00227200721028758,4008487.0
2.170790620869454,0.9,0.9999801662059669,0.13504003446907856,5127.0,100.0,29,4229,8.452098360742463,0.0,0.002267999631193096,4000172.0
2.122328176468432,0.9,0.9999803499914123,0.13778659161629167,5252.0,100.0,30,4230,8.475372283888632,0.0,0.0022222988447742793,4046102.0
2.1290472434096377,0.9,0.9999803674517846,0.13599832596139894,5233.0,100.0,31,4231,8.471849436877589,0.0,0.0022244910875517804,4078265.0
2.188221614270975,0.9,0.999979873366865,0.1364748884894123,5090.0,100.0,32,4232,8.444793575972854,0.0,0.002288947593931084,3949333.0
2.1437757530988777,0.9,0.9999802998719005,0.13599071944039598,5195.0,100.0,33,4233,8.464892219794876,0.0,0.002241092220472072,4059234.0
2.184560710497333,0.9,0.9999803420002376,0.1332676499415523,5086.0,100.0,34,4234,8.445494864608865,0.0,0.0022813804102067388,3993529.0
2.144761584373884,0.9,0.9999802444901159,0.13646640694400256,5194.0,100.0,35,4235,8.464610034865379,0.0,0.002242969168519514,4029598.0
2.054870874971411,0.9,0.9999813552743889,0.13442971764649272,5412.0,100.0,36,4236,8.506730172890975,0.0,0.002147133246062622,4233888.0
2.1649231104926017,0.9,0.9999802503323072,0.13496091648385178,5140.0,100.0,37,4237,8.454748570907714,0.0,0.002262104364718639,4017377.0
2.146687551929428,0.9,0.9999801378784364,0.1365983553447332,5192.0,100.0,38,4238,8.46359164377425,0.0,0.0022439120474017577,4080490.0
2.170483002450603,0.9,0.9999800570255257,0.13646219910591376,5131.0,100.0,39,4239,8.45284132031404,0.0,0.0022707077180166377,3966105.0
2.105403288459058,0.9,0.9999807389035763,0.13493335609079748,5287.0,100.0,40,4240,8.4829940089353,0.0,0.002198865190243476,4135342.0
2.1577133815541516,0.9,0.9999803220281809,0.1346109060391701,5157.0,100.0,41,4241,8.457981650340352,0.0,0.002253453680558921,4072137.0
2.156957689616355,0.9,0.9999802209812806,0.1353260731940348,5162.0,100.0,42,4242,8.458814569751215,0.0,0.0022532576940712157,4053699.0
2.1638213477575357,0.9,0.9999803495104658,0.13483771315895351,5140.0,100.0,43,4243,8.455568385135027,0.0,0.00226204785960662,4017980.0
2.1353136045512575,0.9,0.9999803640018735,0.1365409896150721,5216.0,100.0,44,4244,8.46905157231535,0.0,0.002233909445244711,4065941.0
2.1276954475574343,0.9,0.999980357752573,0.1365110487459089,5237.0,100.0,45,4245,8.472734010325055,0.0,0.002224517534881034,4049102.0
2.134500200506904,0.9,0.9999803710761291,0.1365865490902097,5218.0,100.0,46,4246,8.469704185771674,0.0,0.0022332080461276104,4039612.0
2.1814946792138685,0.9,0.9999801667644868,0.13515717030619678,5099.0,100.0,47,4247,8.447183864291569,0.0,0.002281313169670929,3975167.0
2.0956657208887086,0.9,0.9999809418625832,0.13396079902595595,5308.0,100.0,48,4248,8.48741761057049,0.0,0.0021873896179459215,4131305.0
2.1506093001848416,0.9,0.9999803880074882,0.13561386204570025,5174.0,100.0,49,4249,8.461684014047895,0.0,0.0022495679709581343,3992268.0
