HHI,average_first_publish_to_top10_days,diversity_factor,gini,n_genes_final,n_seasons_completed,run_idx,season_length_days,seed,shannon_diversity,top10_newcomer_rate,top10_share,total_battles
5.797117654081889,3000.0,0.9999685252890392,0.15975137112131965,1935.0,100.0,0,30,300,7.47975486772621,0.0,0.0062493824462864864,531041.0
6.042903521351253,3000.0,0.9999672331845796,0.15911598330909543,1856.0,100.0,1,30,301,7.438673811728064,0.0,0.006507543112493718,516469.0
5.906547565309119,3000.0,0.9999686471289769,0.1571662353855967,1894.0,100.0,2,30,302,7.461042582841268,0.0,0.006363127747514523,522095.0
6.029430491120549,3000.0,0.9999679072211044,0.1576554872050569,1856.0,100.0,3,30,303,7.4402244167149005,0.0,0.00649921168869747,518189.0
6.1074442918152565,3000.0,0.9999669403875971,0.1591810399211427,1836.0,100.0,4,30,304,7.428073642395952,0.0,0.006580045211034325,507583.0
6.012341039971089,3000.0,0.9999678936539511,0.15840234474839546,1862.0,100.0,5,30,305,7.4434853423541965,0.0,0.006485894805041797,506700.0
6.146129126450798,3000.0,0.9999666473150773,0.15874268650424495,1825.0,100.0,6,30,306,7.4216201678389035,0.0,0.006612609660061905,508623.0
5.878525395347,3000.0,0.9999686618223398,0.15803316778704127,1904.0,100.0,7,30,307,7.466088218289858,0.0,0.006338657762030828,518898.0
6.016947820934738,3000.0,0.9999673749176619,0.16002120009707346,1864.0,100.0,8,30,308,7.4432342936706215,0.0,0.0064913283554866325,511288.0
5.848232830388535,3000.0,0.9999683955774108,0.15976565237282678,1917.0,100.0,9,30,309,7.472055469643892,0.0,0.006310408535388749,527209.0
6.04471875345292,3000.0,0.9999677245161159,0.15763544454451525,1852.0,100.0,10,30,310,7.437797167377895,0.0,0.006511272567963151,510477.0
5.985840588635378,3000.0,0.9999680700653935,0.15674337567773755,1870.0,100.0,11,30,311,7.446852623958179,0.0,0.006437392000958679,527297.0
6.1015263150793135,3000.0,0.9999675335902095,0.157354534319114,1834.0,100.0,12,30,312,7.428328695800006,0.0,0.006573280704527098,505366.0
5.996036768694204,3000.0,0.9999679898240315,0.1575397455373206,1867.0,100.0,13,30,313,7.446048004484505,0.0,0.006457401716253688,508535.0
6.1453027513372644,3000.0,0.9999665385408792,0.16045243173664864,1826.0,100.0,14,30,314,7.422285666966668,0.0,0.006629848573894149,506628.0
6.121942891374092,3000.0,0.9999674074709042,0.15719296611103734,1828.0,100.0,15,30,315,7.424985373535633,0.0,0.006592349593567111,503482.0
6.0603712284014595,3000.0,0.9999672334606744,0.1597629099848252,1850.0,100.0,16,30,316,7.43646606166499,0.0,0.006538930717821837,517508.0
5.913950069359783,3000.0,0.9999684163225544,0.15808966341157424,1893.0,100.0,17,30,317,7.459744095907914,0.0,0.006375383965245565,518116.0
6.1852442983184295,3000.0,0.9999671148648244,0.15667519333129237,1809.0,100.0,18,30,318,7.414265507469585,0.0,0.006655706915566165,509090.0
5.915274923489023,3000.0,0.9999683500427404,0.15841047177171164,1893.0,100.0,19,30,319,7.459916967900475,0.0,0.006378374719259741,511463.0
6.200888545092712,3000.0,0.9999666382696054,0.15775269377087278,1807.0,100.0,20,30,320,7.412402398956037,0.0,0.0066700925817756935,504240.0
5.958990266042957,3000.0,0.9999679903950859,0.15830074603816371,1880.0,100.0,21,30,321,7.4520976838689785,0.0,0.006419244951095689,524900.0
5.974058037314687,3000.0,0.999967946155967,0.15812851952143417,1875.0,100.0,22,30,322,7.449665090285205,0.0,0.006434518185169429,521153.0
6.1697841876800465,3000.0,0.9999669741431624,0.1588394705329272,1815.0,100.0,23,30,323,7.417549831555181,0.0,0.006658410764073233,494451.0
5.930330413011949,3000.0,0.9999688592469878,0.15352083991528717,1884.0,100.0,24,30,324,7.455590493977765,0.0,0.006357492463541974,531803.0
6.157280306163305,3000.0,0.9999668424915977,0.15966082334379597,1820.0,100.0,25,30,325,7.419933732405496,0.0,0.006647757769415313,499261.0
5.92896223369897,3000.0,0.9999685055556143,0.157718741789547,1887.0,100.0,26,30,326,7.456785039392854,0.0,0.0063943400129338164,516823.0
6.0970673073953625,3000.0,0.9999677566694429,0.15567511006162488,1834.0,100.0,27,30,327,7.428482066576223,0.0,0.006554416181580342,514938.0
5.828463460232131,3000.0,0.9999688412253178,0.1569656213709558,1921.0,100.0,28,30,328,7.474244200791282,0.0,0.006267656438507078,531791.0
5.842365750085835,3000.0,0.9999689616287744,0.158390748895953,1915.0,100.0,29,30,329,7.471896292171674,0.0,0.006309348389289162,524822.0
5.99758685820059,3000.0,0.9999681996153296,0.15628472828720752,1865.0,100.0,30,30,330,7.445413380026773,0.0,0.006451692301454255,517004.0
5.801508297895747,3000.0,0.9999683056363988,0.16129606894169687,1935.0,100.0,31,30,331,7.479673481037802,0.0,0.006265689356024123,529438.0
5.979059284545659,3000.0,0.9999678383215949,0.15958251620817107,1874.0,100.0,32,30,332,7.449472758777773,0.0,0.006455413014920532,507919.0
6.1977803161254705,3000.0,0.9999667937722824,0.1568096618652427,1807.0,100.0,33,30,333,7.4128517413849755,0.0,0.0066599247869539085,503247.0
5.9274257248213935,3000.0,0.9999678818355772,0.15866719657794465,1892.0,100.0,34,30,334,7.457766453016285,0.0,0.0063782580666231995,525882.0
5.951902668000963,3000.0,0.9999687702664074,0.1549476384022411,1877.0,100.0,35,30,335,7.452704311922081,0.0,0.006398992301596116,528976.0
6.1146420745090495,3000.0,0.9999670262324959,0.15761077703813914,1833.0,100.0,36,30,336,7.42641887501115,0.0,0.006572681424388255,512365.0
5.9903886150685715,3000.0,0.9999679856673709,0.15803363070601772,1869.0,100.0,37,30,337,7.446912736096384,0.0,0.006456455312502989,517281.0
5.907869837984214,3000.0,0.9999683023680043,0.15815017783506516,1896.0,100.0,38,30,338,7.461041819492583,0.0,0.006363496122974657,528194.0
6.094209824983511,3000.0,0.999967158006182,0.15823463287498968,1839.0,100.0,39,30,339,7.430088855205737,0.0,0.00655920511903194,513321.0
6.030661556448562,3000.0,0.9999679909335779,0.1571502769296723,1855.0,100.0,40,30,340,7.440414143037249,0.0,0.0064970384854713195,513451.0
5.945125985950485,3000.0,0.9999682600639943,0.15776303631623287,1883.0,100.0,41,30,341,7.454287551261352,0.0,0.006405656108579678,520219.0
5.804736456133305,3000.0,0.9999685455738426,0.15874852518617094,1932.0,100.0,42,30,342,7.478659499361585,0.0,0.006247288765305008,540414.0
6.053907072322034,3000.0,0.9999674107665151,0.15944953457344754,1851.0,100.0,43,30,343,7.43719115835106,0.0,0.006533417460519545,509325.0
5.835421564971919,3000.0,0.9999686287574081,0.15923064878543688,1920.0,100.0,44,30,344,7.47369257027409,0.0,0.006296695591469734,525290.0
5.905536582709889,3000.0,0.9999678636356242,0.1603685445179316,1900.0,100.0,45,30,345,7.462720901719618,0.0,0.00637051062089433,519925.0
5.696379506154664,3000.0,0.9999694885393828,0.1582556860827635,1966.0,100.0,46,30,346,7.497815818276946,0.0,0.006139175919675556,543701.0
6.22732182808905,3000.0,0.999966546938535,0.15859209368448934,1799.0,100.0,47,30,347,7.408283462687129,0.0,0.006712072706116177,500607.0
5.963206107035426,3000.0,0.9999677794840798,0.15972505654421032,1880.0,100.0,48,30,348,7.451676149848512,0.0,0.006434955601306024,528068.0
5.839124589600922,3000.0,0.9999693968816223,0.15453600457932126,1913.0,100.0,49,30,349,7.471272416322269,0.0,0.0062743730685035455,534653.0
3.257365541151277,6000.0,0.9999830268304227,0.14533478140395215,3427.0,100.0,0,60,1300,8.05040288936027,0.0,0.0034458359570333115,1793404.0
3.166321071056187,6000.0,0.9999838054200766,0.142448462230648,3518.0,100.0,1,60,1301,8.078040049390149,0.0,0.003343584060195532,1820700.0
3.1732116497212597,6000.0,0.9999835416545981,0.14495905113623653,3516.0,100.0,2,60,1302,8.076349430954041,0.0,0.003357319338729689,1847328.0
3.1269493187742956,6000.0,0.9999840184980544,0.1406363566708492,3562.0,100.0,3,60,1303,8.089631655729368,0.0,0.0032925217115958335,1913172.0
3.2566785853031375,6000.0,0.9999832744272292,0.14188018669875194,3422.0,100.0,4,60,1304,8.049245933350178,0.0,0.0034335091997923077,1821621.0
3.1925488779903044,6000.0,0.9999833882614892,0.143797461417862,3496.0,100.0,5,60,1305,8.069724960248983,0.0,0.003369303377260155,1870180.0
3.259952635836894,6000.0,0.9999832389165558,0.1415515024624858,3419.0,100.0,6,60,1306,8.048371558465503,0.0,0.0034343734459885583,1800141.0
3.18257739880191,6000.0,0.9999833976164576,0.14349335105824312,3508.0,100.0,7,60,1307,8.07283048873227,0.0,0.003355586781907379,1846646.0
3.12663820232952,6000.0,0.9999839946513235,0.14200206533897616,3563.0,100.0,8,60,1308,8.090305065706767,0.0,0.003298790963136103,1874664.0
3.1960884819520086,6000.0,0.9999834571746893,0.14315781206657657,3490.0,100.0,9,60,1309,8.068723162651734,0.0,0.003372333991313651,1842799.0
3.1484010205945787,6000.0,0.9999837384103538,0.1430123969605535,3542.0,100.0,10,60,1310,8.083702624133963,0.0,0.003322483475715896,1864797.0
3.071574821779661,6000.0,0.9999840061630104,0.14420401396626012,3634.0,100.0,11,60,1311,8.10849377704704,0.0,0.0032434945142803054,1936831.0
3.168882337155582,6000.0,0.9999838796586432,0.14115520450047783,3513.0,100.0,12,60,1312,8.076565268790935,0.0,0.003342144570636571,1855003.0
3.182764082310489,6000.0,0.9999836733374033,0.1415956156070178,3501.0,100.0,13,60,1313,8.072422376855004,0.0,0.0033545912051594923,1833398.0
3.10363475236465,6000.0,0.9999841671245696,0.1415132693381695,3588.0,100.0,14,60,1314,8.09779417206439,0.0,0.0032737032761269167,1917014.0
3.182544218625997,6000.0,0.999983399275967,0.14440219546386326,3508.0,100.0,15,60,1315,8.073293680922747,0.0,0.003360747761571998,1861988.0
3.080125774451103,6000.0,0.9999840725882239,0.143705515895353,3621.0,100.0,16,60,1316,8.105801100859837,0.0,0.00325357497927894,1890098.0
3.056424612525281,6000.0,0.9999840106094519,0.143493757019257,3654.0,100.0,17,60,1317,8.113225400241657,0.0,0.003221065106852542,1918441.0
3.173287732049579,6000.0,0.9999835378493368,0.14265330256031059,3516.0,100.0,18,60,1318,8.075827277611033,0.0,0.003344161478476335,1871930.0
3.175668695433132,6000.0,0.999983499724449,0.14373500425003352,3514.0,100.0,19,60,1319,8.075464219164857,0.0,0.003351850498467284,1841698.0
3.1297938819924296,6000.0,0.9999840735959216,0.14000232619515357,3557.0,100.0,20,60,1320,8.088801274904426,0.0,0.0032943485544736075,1924527.0
3.1655912330123943,6000.0,0.9999836804643559,0.14248231527113003,3522.0,100.0,21,60,1321,8.078013361017238,0.0,0.003338609518834642,1875657.0
3.18723521371089,6000.0,0.999983449713284,0.14354897135548228,3501.0,100.0,22,60,1322,8.071592993548833,0.0,0.00336340236502641,1862969.0
3.121206879068662,6000.0,0.9999838734396911,0.14247585404486587,3573.0,100.0,23,60,1323,8.092377139335126,0.0,0.003290568019582509,1899417.0
3.0449139096949724,6000.0,0.9999842500172686,0.14178682698667958,3663.0,100.0,24,60,1324,8.116448086002716,0.0,0.003205941579453406,1962094.0
3.0645687842656795,6000.0,0.9999839412374323,0.14420754819033907,3645.0,100.0,25,60,1325,8.11100321963257,0.0,0.0032326049781220695,1918773.0
3.1042406798315554,6000.0,0.9999839815965459,0.14240774113088747,3592.0,100.0,26,60,1326,8.09743811316226,0.0,0.0032730589966028837,1879594.0
3.08544385895888,6000.0,0.9999838447607803,0.14507052491533284,3620.0,100.0,27,60,1327,8.104387706268144,0.0,0.003259750830654174,1885874.0
3.1555227678490163,6000.0,0.9999833822165741,0.14469547180539688,3542.0,100.0,28,60,1328,8.08191451979989,0.0,0.003328399082299882,1876062.0
3.187273764788205,6000.0,0.9999836930294922,0.14150319115172058,3495.0,100.0,29,60,1329,8.070836214073143,0.0,0.0033602362826218417,1862396.0
3.2969287153926365,6000.0,0.999982771594665,0.14466667282702125,3387.0,100.0,30,60,1330,8.037734535520947,0.0,0.0034821561884978325,1792016.0
3.084411376623238,6000.0,0.9999842791079367,0.14069537751334651,3610.0,100.0,31,60,1331,8.103122461776769,0.0,0.003249573379007812,1900229.0
3.029296498525903,6000.0,0.9999842159775351,0.14458844552262562,3685.0,100.0,32,60,1332,8.122561927294157,0.0,0.003200508487762019,1934452.0
3.189879200510579,6000.0,0.9999833991286066,0.14421827574171522,3499.0,100.0,33,60,1333,8.070708118533739,0.0,0.003368795366469264,1829707.0
3.1622316264874697,6000.0,0.9999837679032901,0.1418703191654353,3524.0,100.0,34,60,1334,8.079075955285607,0.0,0.0033340425028586234,1839945.0
3.1853635844166077,6000.0,0.9999836658400278,0.1427959984000398,3498.0,100.0,35,60,1335,8.07190466674037,0.0,0.0033642726463832574,1848510.0
3.162883505225354,6000.0,0.9999836950379606,0.14272094594308654,3525.0,100.0,36,60,1336,8.07892439844442,0.0,0.0033371460689820523,1835077.0
3.0812503163391587,6000.0,0.9999842455884952,0.14095927273153586,3615.0,100.0,37,60,1337,8.10448812977558,0.0,0.0032459112285392663,1916335.0
3.047600692518438,6000.0,0.9999843770581007,0.14095953352322751,3656.0,100.0,38,60,1338,8.11576940026388,0.0,0.0032090762260360748,1943106.0
3.244886819009212,6000.0,0.9999830149613772,0.14358137726281467,3442.0,100.0,39,60,1339,8.053484392326475,0.0,0.003419841071130228,1848018.0
3.135965583062469,6000.0,0.9999837649191257,0.14251263615606266,3557.0,100.0,40,60,1340,8.087079258413333,0.0,0.003305363267910862,1878574.0
3.200711595900638,6000.0,0.9999835551969168,0.141354058878538,3482.0,100.0,41,60,1341,8.066754503505607,0.0,0.0033712633829649677,1853038.0
3.2037976546826115,6000.0,0.9999831537694941,0.144675912847217,3488.0,100.0,42,60,1342,8.066632893249809,0.0,0.0033800705587525076,1821615.0
3.1106406669186493,6000.0,0.999983739070992,0.14510289164638612,3590.0,100.0,43,60,1343,8.096301830781277,0.0,0.0032874860610800118,1882698.0
3.1726467424868154,6000.0,0.9999837319189477,0.14228182385046756,3512.0,100.0,44,60,1344,8.075841221993187,0.0,0.0033479311685269647,1851214.0
3.119461995500377,6000.0,0.9999839215447982,0.1424391974323691,3574.0,100.0,45,60,1345,8.092584640227017,0.0,0.003289939120124568,1894703.0
3.1486377835570214,6000.0,0.9999836867152283,0.1430838820054564,3543.0,100.0,46,60,1346,8.083600121024432,0.0,0.003321374974454182,1876806.0
3.2565502897365977,6000.0,0.9999830250325634,0.143726148760775,3428.0,100.0,47,60,1347,8.049928342228458,0.0,0.0034355195575873606,1827532.0
3.1771519372732357,6000.0,0.9999834255400194,0.14353863421132823,3514.0,100.0,48,60,1348,8.07465285717693,0.0,0.0033500905430306712,1849036.0
3.208731998904655,6000.0,0.999983443390628,0.1426212012109364,3475.0,100.0,49,60,1349,8.06442315212134,0.0,0.003384468018080555,1845010.0
2.1084355522130163,9000.0,0.9999893988373318,0.13396877142636843,5273.0,100.0,0,90,2300,8.481058152568115,0.0,0.0022023644022828833,4108307.0
2.134497156449177,9000.0,0.9999890767833897,0.13609252957498402,5219.0,100.0,1,90,2301,8.469408086604629,0.0,0.0022309400289099784,4076353.0
2.114388238460835,9000.0,0.9999892632932331,0.13516865200123865,5264.0,100.0,2,90,2302,8.478840715262695,0.0,0.0022093242177538067,4104065.0
2.147984968077298,9000.0,0.9999890119932052,0.13631887219765718,5186.0,100.0,3,90,2303,8.463172257897034,0.0,0.0022459026517134507,3984389.0
2.104466693551652,9000.0,0.9999892746752287,0.13625870592528513,5291.0,100.0,4,90,2304,8.483700002061882,0.0,0.002201475291526016,4134722.0
2.169494485592861,9000.0,0.9999889699566585,0.1353385522186318,5131.0,100.0,5,90,2305,8.452976819356694,0.0,0.0022671079905897578,4005056.0
2.1536159574211653,9000.0,0.999989103715698,0.13429441489034405,5166.0,100.0,6,90,2306,8.460084180498342,0.0,0.002248551132571795,4023414.0
2.14796331146872,9000.0,0.999989106138377,0.13492729141722706,5181.0,100.0,7,90,2307,8.462867122271888,0.0,0.0022440042632393404,3974747.0
2.1841304592491197,9000.0,0.9999890423937083,0.13387092786555152,5089.0,100.0,8,90,2308,8.44615178556646,0.0,0.002281792475478562,3969422.0
2.1011375578236926,9000.0,0.999989245072032,0.13689056168705796,5302.0,100.0,9,90,2309,8.485480459358685,0.0,0.002198688611437026,4070564.0
2.1077083064638202,9000.0,0.9999892556883699,0.13572201111671506,5283.0,100.0,10,90,2310,8.481658428528744,0.0,0.00220299019844752,4143635.0
2.1455206460401843,9000.0,0.999989023796492,0.13672414572415784,5192.0,100.0,11,90,2311,8.464377293190104,0.0,0.0022447638254406745,4047383.0
2.1639332903558848,9000.0,0.9999890017590256,0.1361994397590946,5144.0,100.0,12,90,2312,8.455684461043221,0.0,0.0022644561960883194,3986268.0
2.181754709931606,9000.0,0.9999888724048775,0.13552164941829725,5104.0,100.0,13,90,2313,8.44717519071861,0.0,0.0022794929607334257,3990171.0
2.1475946475931105,9000.0,0.9999889943385922,0.1369225326485117,5188.0,100.0,14,90,2314,8.463377744116691,0.0,0.0022470436338884016,4022245.0
2.119712228979866,9000.0,0.9999891597455527,0.1358567799531738,5255.0,100.0,15,90,2315,8.476205731944493,0.0,0.002214907248642744,4120640.0
2.149735878874537,9000.0,0.9999890547670931,0.135707355335776,5179.0,100.0,16,90,2316,8.462125466667718,0.0,0.002247264932275714,4007229.0
2.1001493130765203,9000.0,0.9999894191864416,0.13458689225292078,5295.0,100.0,17,90,2317,8.48534432797944,0.0,0.002195109889991993,4110481.0
2.078708142405094,9000.0,0.9999894681369326,0.1349106405618694,5353.0,100.0,18,90,2318,8.495308727193116,0.0,0.002171969658425773,4139612.0
2.1851063325669973,9000.0,0.9999888201054132,0.13650286262735079,5098.0,100.0,19,90,2319,8.446033485585767,0.0,0.0022853434483331788,4008345.0
2.154009924881333,9000.0,0.9999890278296886,0.13507683703127799,5169.0,100.0,20,90,2320,8.459897169842662,0.0,0.0022493757042281854,4057159.0
2.1678161372256106,9000.0,0.9999890159155871,0.13529786050730944,5133.0,100.0,21,90,2321,8.453848507847963,0.0,0.0022663696310075503,3965345.0
2.1064940422147367,9000.0,0.999989334334989,0.13478679606117808,5282.0,100.0,22,90,2322,8.482275016243317,0.0,0.0022007868648509944,4098743.0
2.1459039708424386,9000.0,0.9999891346623379,0.13346135000421683,5185.0,100.0,23,90,2323,8.463179880974938,0.0,0.0022374370543394727,4094515.0
2.173614476385726,9000.0,0.9999889161142617,0.13569976080149343,5123.0,100.0,24,90,2324,8.451163483936435,0.0,0.00227163797673684,3995910.0
2.1695345869664173,9000.0,0.999988948959593,0.1352583104975146,5132.0,100.0,25,90,2325,8.452833187482618,0.0,0.0022662365570279004,4000688.0
2.10490086771449,9000.0,0.9999893244711323,0.1339645617693499,5287.0,100.0,26,90,2326,8.482802115613456,0.0,0.0021957801754739245,4135368.0
2.1533263493634203,9000.0,0.9999890058970304,0.13627419515706377,5172.0,100.0,27,90,2327,8.460601968689197,0.0,0.0022520566422940115,3994474.0
2.1596404003017886,9000.0,0.9999889901828065,0.13614460895789038,5156.0,100.0,28,90,2328,8.457657766707074,0.0,0.002258713064600518,3985362.0
2.169663818221838,9000.0,0.9999889235125164,0.13586756507022982,5133.0,100.0,29,90,2329,8.453000398653211,0.0,0.002267740523213357,4012864.0
2.1693633745802368,9000.0,0.9999888816296043,0.13636124942048175,5136.0,100.0,30,90,2330,8.45309723449055,0.0,0.00226778735568351,3999083.0
2.1418239028570696,9000.0,0.9999890419965114,0.13561981755426492,5201.0,100.0,31,90,2331,8.465664535460151,0.0,0.002237042167726408,4072003.0
2.1344982513115816,9000.0,0.9999891870157522,0.13497875009984917,5213.0,100.0,32,90,2332,8.46941415138458,0.0,0.0022304553440604478,4108993.0
2.1952475701415617,9000.0,0.9999888352391713,0.13502238108476397,5071.0,100.0,33,90,2333,8.441140096110658,0.0,0.00229278348055786,3973015.0
2.1792746149410993,9000.0,0.9999888813897213,0.1357645645255132,5110.0,100.0,34,90,2334,8.44822544797264,0.0,0.002277652769695528,3994492.0
2.1309832265806046,9000.0,0.9999891241672494,0.13568549567856977,5226.0,100.0,35,90,2335,8.47112000120378,0.0,0.002226751018101019,4077301.0
2.1129358733337393,9000.0,0.9999892998448523,0.13476297486132935,5266.0,100.0,36,90,2336,8.479241468121392,0.0,0.002207361917189663,4133593.0
2.1027755287865877,9000.0,0.9999892343695425,0.13713528783804949,5298.0,100.0,37,90,2337,8.484873758347566,0.0,0.0022011311668203924,4065350.0
2.153813292340712,9000.0,0.9999890189499482,0.13422175841288417,5170.0,100.0,38,90,2338,8.45963552390423,0.0,0.002245930956327848,4117892.0
2.165752015054227,9000.0,0.9999889297071664,0.13767550472486673,5143.0,100.0,39,90,2339,8.455399651182422,0.0,0.0022695881173673245,3946618.0
2.1450800237979943,9000.0,0.9999891572700178,0.1350049194619303,5186.0,100.0,40,90,2340,8.464182907256204,0.0,0.0022424192008078645,4014795.0
2.116067591896212,9000.0,0.9999892334819558,0.1345197265701785,5261.0,100.0,41,90,2341,8.47733960415445,0.0,0.00220830349340902,4149665.0
2.087880803514666,9000.0,0.9999893949478609,0.13546631613453183,5331.0,100.0,42,90,2342,8.49113021899387,0.0,0.0021825944113027505,4134262.0
2.1482601650863,9000.0,0.9999889796396586,0.137054747714197,5187.0,100.0,43,90,2343,8.463096936084987,0.0,0.0022478421088935907,4027069.0
2.120777910238105,9000.0,0.9999892697144314,0.13458042405057447,5246.0,100.0,44,90,2344,8.47540438416483,0.0,0.002215237272848955,4113798.0
2.137829902327999,9000.0,0.9999891493890521,0.13478279238191382,5206.0,100.0,45,90,2345,8.46741082571349,0.0,0.0022326920870533356,4064887.0
2.1024505534565514,9000.0,0.9999893576420198,0.13464427409866764,5292.0,100.0,46,90,2346,8.484228661702737,0.0,0.002196161648265951,4122769.0
2.157252748513733,9000.0,0.9999891472274871,0.13411859268498943,5154.0,100.0,47,90,2347,8.458139317020347,0.0,0.002253671581334723,4018353.0
2.1518307886653547,9000.0,0.9999890059669846,0.1368291281472926,5176.0,100.0,48,90,2348,8.461551634662163,0.0,0.002252164335495439,4030305.0
2.172006396902491,9000.0,0.9999889203756389,0.13578572946014433,5127.0,100.0,49,90,2349,8.451752845692512,0.0,0.0022701921612696915,3965956.0
1.590427234774468,12000.0,0.9999920799358346,0.12893283852128903,6983.0,100.0,0,120,3300,8.76118113262197,0.0,0.001651112344909372,7196176.0
1.5897072925274203,12000.0,0.9999920339905742,0.13040533784524969,6991.0,100.0,1,120,3301,8.76201081516253,0.0,0.00165249440156328,7153507.0
1.6318868497623717,12000.0,0.9999918474350125,0.12993310684146475,6808.0,100.0,2,120,3302,8.73553434069261,0.0,0.0016958818308367458,7114445.0
1.6133622810341903,12000.0,0.9999918154441448,0.13190810448407356,6898.0,100.0,3,120,3303,8.747562342800485,0.0,0.0016778290405526954,7113611.0
1.5934269659145717,12000.0,0.9999919915107848,0.13071201789713646,6977.0,100.0,4,120,3304,8.759779470115,0.0,0.0016563981248307598,7215880.0
1.6016049659826117,12000.0,0.9999919750552968,0.13013725446130625,6939.0,100.0,5,120,3305,8.754274539855158,0.0,0.0016642012024433647,7110846.0
1.6138427544531817,12000.0,0.999991917750874,0.130974957458609,6886.0,100.0,6,120,3306,8.747274100597084,0.0,0.0016791141305390893,7034365.0
1.6117764230336835,12000.0,0.9999918527354549,0.131395852886009,6902.0,100.0,7,120,3307,8.748542850069422,0.0,0.001675751263018816,7180966.0
1.5919210080151647,12000.0,0.9999920257521817,0.1303308879310108,6981.0,100.0,8,120,3308,8.760390640823081,0.0,0.0016546963185219085,7148218.0
1.6246246024404751,12000.0,0.9999918455921738,0.1308965054130357,6842.0,100.0,9,120,3309,8.740659062223319,0.0,0.0016895959065160206,7028893.0
1.630331383805292,12000.0,0.9999917637374709,0.13104262967746394,6823.0,100.0,10,120,3310,8.73702293526009,0.0,0.0016943169504563564,7008523.0
1.621039270871595,12000.0,0.9999918650027891,0.1307923086496446,6857.0,100.0,11,120,3311,8.742632722463771,0.0,0.0016856375278909415,7034963.0
1.6025456989751548,12000.0,0.9999919591820339,0.13035397033686655,6936.0,100.0,12,120,3312,8.754034838058335,0.0,0.001665354030964432,7169659.0
1.612594533451299,12000.0,0.9999918853796951,0.13117124016723228,6895.0,100.0,13,120,3313,8.747876238057051,0.0,0.001677135609573375,7132625.0
1.6238351966047675,12000.0,0.9999918530357734,0.1303888977503445,6845.0,100.0,14,120,3314,8.740801395664,0.0,0.0016876173111539622,7098641.0
1.6162823495786396,12000.0,0.9999918379616782,0.13136739033167452,6882.0,100.0,15,120,3315,8.745703168289099,0.0,0.0016806033365975726,6992647.0
1.6322974685838536,12000.0,0.9999918592829011,0.12943790472828204,6805.0,100.0,16,120,3316,8.735101325033877,0.0,0.0016955079275746937,7067115.0
1.5731290202298727,12000.0,0.9999921739722542,0.12959592306746523,7059.0,100.0,17,120,3317,8.772286692254248,0.0,0.001634972770631714,7185680.0
1.6184735835815962,12000.0,0.9999919083213469,0.13021328909678587,6865.0,100.0,18,120,3318,8.744035414758514,0.0,0.0016824347355884912,7063701.0
1.6153046151821384,12000.0,0.9999918551943475,0.13110683789126445,6885.0,100.0,19,120,3319,8.746314432312026,0.0,0.0016793005284031501,7021670.0
1.646296764189924,12000.0,0.999991615574018,0.13270120244889386,6763.0,100.0,20,120,3320,8.727536152277999,0.0,0.001713092146879864,6933397.0
1.608027124101371,12000.0,0.9999919354074913,0.1302193453023524,6912.0,100.0,21,120,3321,8.750522089249706,0.0,0.0016708632724124612,7122022.0
1.6315633362652524,12000.0,0.9999918204815482,0.13038758259810754,6812.0,100.0,22,120,3322,8.735995872980263,0.0,0.0016958307044922516,6972534.0
1.6111755964437948,12000.0,0.9999919458202622,0.12868725390492308,6896.0,100.0,23,120,3323,8.747835452438283,0.0,0.0016711637390260502,7099253.0
1.5964959322812902,12000.0,0.9999920337565632,0.12943341103518508,6958.0,100.0,24,120,3324,8.757449572613824,0.0,0.0016581844391764036,7190308.0
1.619986646094332,12000.0,0.9999918645029402,0.13006435119196666,6862.0,100.0,25,120,3325,8.742907447162915,0.0,0.0016825848511682693,7056056.0
1.6283889832631153,12000.0,0.9999917429023099,0.1313007856219373,6834.0,100.0,26,120,3326,8.737940897025165,0.0,0.0016920229812561096,7097190.0
1.621081764620052,12000.0,0.9999918097385861,0.13142834954875274,6862.0,100.0,27,120,3327,8.742810849688542,0.0,0.0016856295002810322,7011408.0
1.629888554826052,12000.0,0.9999918396310228,0.1298182997168768,6818.0,100.0,28,120,3328,8.736854813389767,0.0,0.001692983102657296,7014185.0
1.6099679349206564,12000.0,0.9999919641744749,0.12996196003330635,6900.0,100.0,29,120,3329,8.749238472423036,0.0,0.001673387373630286,7070188.0
1.601401196374205,12000.0,0.9999919748611346,0.13046238962791018,6940.0,100.0,30,120,3330,8.75473164568071,0.0,0.00166473536280749,7125600.0
1.649911589004016,12000.0,0.9999916761224672,0.130815664188724,6741.0,100.0,31,120,3331,8.72481047235379,0.0,0.0017144197992745391,6972286.0
1.6356934062391104,12000.0,0.9999917651288446,0.13024234293198445,6798.0,100.0,32,120,3332,8.733182212567312,0.0,0.0016987378733996361,7060348.0
1.640095563407031,12000.0,0.9999917620456846,0.13084545078097362,6778.0,100.0,33,120,3333,8.730790939829406,0.0,0.0017053811947573372,6879876.0
1.5984685081582177,12000.0,0.9999920696417318,0.1287331596885643,6945.0,100.0,34,120,3334,8.75593386133084,0.0,0.0016598692844767052,7181345.0
1.6230237210695884,12000.0,0.9999918083321774,0.13108685783876142,6853.0,100.0,35,120,3335,8.741498122724883,0.0,0.0016870509038803784,7008314.0
1.6227805852165242,12000.0,0.9999918737697604,0.1301524098213084,6848.0,100.0,36,120,3336,8.741460661256186,0.0,0.0016863838344681028,7008357.0
1.622867304973808,12000.0,0.9999917735870046,0.1319639690086003,6857.0,100.0,37,120,3337,8.741978611962201,0.0,0.0016880071587856722,7049817.0
1.6321699904530198,12000.0,0.9999917470631203,0.13137390403791385,6816.0,100.0,38,120,3338,8.735866729672484,0.0,0.0016968289443376105,7027956.0
1.592633054713006,12000.0,0.9999919696281614,0.13160461938272727,6983.0,100.0,39,120,3339,8.760442125804897,0.0,0.0016569755401888752,7180270.0
1.5896788175571095,12000.0,0.999992014956884,0.13020803922091287,6993.0,100.0,40,120,3340,8.761983435856623,0.0,0.0016513878279504138,7159845.0
1.6186208802497408,12000.0,0.9999918797399358,0.13099778665133482,6867.0,100.0,41,120,3341,8.744273036858532,0.0,0.001683721681239846,7039155.0
1.5869146451652667,12000.0,0.9999921020933873,0.12956182137190725,6998.0,100.0,42,120,3342,8.763545670739918,0.0,0.0016491409910447954,7179328.0
1.6050392292172422,12000.0,0.9999919073227735,0.13110976799732396,6929.0,100.0,43,120,3343,8.752825212752244,0.0,0.0016686499230348928,7120797.0
1.6161522635611445,12000.0,0.9999918444669774,0.1311733647176217,6882.0,100.0,44,120,3344,8.745677363215743,0.0,0.0016801633111428137,7090874.0
1.653838042930856,12000.0,0.9999916673236005,0.13076997919440436,6724.0,100.0,45,120,3345,8.722656538273366,0.0,0.001718698002301016,6946937.0
1.6033944732859449,12000.0,0.999991947934379,0.13004035649985485,6933.0,100.0,46,120,3346,8.753220829537428,0.0,0.0016652954816934633,7118968.0
1.6207694759700153,12000.0,0.9999918784946116,0.13058693968101243,6857.0,100.0,47,120,3347,8.742921370431947,0.0,0.0016852091335080837,6965716.0
1.5998419844675982,12000.0,0.9999919077684949,0.13182992078329628,6954.0,100.0,48,120,3348,8.755940509764896,0.0,0.0016642647404636875,7141644.0
1.610961818456888,12000.0,0.9999919144726944,0.12977001904332783,6900.0,100.0,49,120,3349,8.748254554574665,0.0,0.0016726310229990791,7056699.0
1.0901504930422072,18000.0,0.9999945885514921,0.12489785449776085,10184.0,100.0,0,180,4300,9.137075765128513,0.0,0.0011257555175731525,15439568.0
1.0846506453465514,18000.0,0.9999946189060069,0.12490036061176793,10235.0,100.0,1,180,4301,9.142332218928322,0.0,0.0011201531768427321,15633648.0
1.0895355209631488,18000.0,0.9999946193032816,0.12411515038445439,10184.0,100.0,2,180,4302,9.137524279313062,0.0,0.001124667658641634,15517046.0
1.0940897916917538,18000.0,0.999994570608579,0.12477213629109236,10147.0,100.0,3,180,4303,9.133567514948139,0.0,0.0011296731651081323,15517416.0
1.096085978372946,18000.0,0.9999945681133187,0.12452412076610207,10127.0,100.0,4,180,4304,9.131517536147639,0.0,0.0011315497465780146,15385957.0
1.0985588947746012,18000.0,0.9999945666521287,0.12413062993629025,10102.0,100.0,5,180,4305,9.12915528578743,0.0,0.0011337947653880555,15432109.0
1.1032604786647906,18000.0,0.9999945382074953,0.12492811908440056,10060.0,100.0,6,180,4306,9.125275917527745,0.0,0.0011397621944997467,15362888.0
1.0888792406983165,18000.0,0.9999946087663718,0.12454195123037466,10193.0,100.0,7,180,4307,9.138266801074689,0.0,0.001124278519669471,15578231.0
1.0772530057643386,18000.0,0.9999946663723109,0.1233072290118362,10303.0,100.0,8,180,4308,9.148482542882435,0.0,0.0011103756122879667,15905876.0
1.0952163368836647,18000.0,0.9999945774926604,0.12455914722166213,10134.0,100.0,9,180,4309,9.132350437615356,0.0,0.0011308581031106827,15404746.0
1.0947661081284166,18000.0,0.9999946000064416,0.12379360809486419,10134.0,100.0,10,180,4310,9.13261597827188,0.0,0.0011297508118955982,15431888.0
1.1078654681434166,18000.0,0.9999944864486701,0.12550955048541146,10024.0,100.0,11,180,4311,9.12126993536565,0.0,0.0011446304497761636,15294263.0
1.0958152940355617,18000.0,0.9999945426730649,0.12515411340194976,10135.0,100.0,12,180,4312,9.13196800470092,0.0,0.0011315196306079197,15473039.0
1.0911787751386393,18000.0,0.9999946289099692,0.12410775080309486,10165.0,100.0,13,180,4313,9.136029425976545,0.0,0.0011268536518721818,15591457.0
1.1094601262426849,18000.0,0.9999944864595509,0.1254987924694829,10008.0,100.0,14,180,4314,9.119703296894548,0.0,0.0011464890068575576,15261562.0
1.1032052614523018,18000.0,0.9999945261500652,0.12433657020221685,10063.0,100.0,15,180,4315,9.12497618763468,0.0,0.0011384214987500963,15329658.0
1.0863436805587376,18000.0,0.9999946346945403,0.12430234022801868,10214.0,100.0,16,180,4316,9.140482503107043,0.0,0.0011216589236902076,15637413.0
1.094184562680737,18000.0,0.999994604753245,0.12383206195117728,10139.0,100.0,17,180,4317,9.133209722199224,0.0,0.0011292610111099484,15464270.0
1.0900434936727548,18000.0,0.9999945794420629,0.1250799147196274,10187.0,100.0,18,180,4318,9.13718463314485,0.0,0.0011256632707902306,15589875.0
1.0852797460263097,18000.0,0.9999946113267566,0.12467976781601828,10230.0,100.0,19,180,4319,9.141371739804308,0.0,0.0011203497644157274,15720481.0
1.0948027408018335,18000.0,0.9999945835716398,0.12472016499091758,10137.0,100.0,20,180,4320,9.132964123030103,0.0,0.001130780814759126,15390211.0
1.0818736755245022,18000.0,0.9999946244762364,0.1252238791506938,10263.0,100.0,21,180,4321,9.144884834123612,0.0,0.001117568976422701,15604691.0
1.0768224495246512,18000.0,0.9999946784828208,0.12425662812825199,10305.0,100.0,22,180,4322,9.149287963263202,0.0,0.0011116662899407275,15689374.0
1.0866130098285383,18000.0,0.9999945972728028,0.1250200904604023,10219.0,100.0,23,180,4323,9.140315959370916,0.0,0.0011220544871544448,15442326.0
1.0686577407459668,18000.0,0.999994750075966,0.12373975670049775,10377.0,100.0,24,180,4324,9.156784357170288,0.0,0.001103323998733324,15975068.0
1.0857954425172573,18000.0,0.9999946046593073,0.12439274287265462,10226.0,100.0,25,180,4325,9.140963815249444,0.0,0.0011203116180086153,15808159.0
1.092739908735832,18000.0,0.9999946138385462,0.12415777970710082,10152.0,100.0,26,180,4326,9.134513372147945,0.0,0.0011283396357963168,15423472.0
1.0714836007423423,18000.0,0.9999946831828382,0.12496297687316178,10361.0,100.0,27,180,4327,9.154414812673869,0.0,0.0011066332880003344,15875839.0
1.093867685243977,18000.0,0.999994567149469,0.12468405708788358,10150.0,100.0,28,180,4328,9.133670820426701,0.0,0.0011291771779326392,15604280.0
1.0707801494418292,18000.0,0.9999947463236175,0.12315174309565384,10355.0,100.0,29,180,4329,9.154560072939509,0.0,0.0011047955962089513,15968656.0
1.0877345421389513,18000.0,0.9999946131224702,0.12495429859649056,10204.0,100.0,30,180,4330,9.139328742658961,0.0,0.001123711125404096,15573078.0
1.090220227421415,18000.0,0.9999945513377682,0.1253955165274646,10191.0,100.0,31,180,4331,9.137227614484432,0.0,0.0011255669009406562,15631265.0
1.087789193540663,18000.0,0.9999946921687399,0.12320776080114794,10187.0,100.0,32,180,4332,9.138944028581472,0.0,0.0011232569373980194,15513527.0
1.0943054302010626,18000.0,0.9999945695407095,0.12498405553102913,10145.0,100.0,33,180,4333,9.13329760319801,0.0,0.0011302320954886507,15561311.0
1.1092320144199757,18000.0,0.9999944828933903,0.1250677016314947,10011.0,100.0,34,180,4334,9.119780451716876,0.0,0.0011454285908914059,15327900.0
1.107642750622554,18000.0,0.9999944926096598,0.12563000607679276,10025.0,100.0,35,180,4335,9.121515987220828,0.0,0.0011447372290362995,15278382.0
1.0983373956047193,18000.0,0.9999945483457078,0.124975424945773,10108.0,100.0,36,180,4336,9.129731335228646,0.0,0.0011343565884227862,15379871.0
1.0762584523076921,18000.0,0.9999946925631622,0.12388380106751505,10308.0,100.0,37,180,4337,9.149598256764936,0.0,0.0011108302388114816,15883973.0
1.0897043468132153,18000.0,0.9999946398065939,0.12324796614953178,10178.0,100.0,38,180,4338,9.137137227991767,0.0,0.0011240758953631553,15571060.0
1.0782589938883318,18000.0,0.9999946585008266,0.12462286737258543,10294.0,100.0,39,180,4339,9.148077140131631,0.0,0.0011133553813275493,15741467.0
1.1117286203545151,18000.0,0.9999944780854377,0.1255934523096713,9987.0,100.0,40,180,4340,9.117830796961664,0.0,0.0011490645463410974,15219416.0
1.0844646728857763,18000.0,0.9999946473069437,0.12360757789428331,10231.0,100.0,41,180,4341,9.141763977952007,0.0,0.0011187361117356875,15753671.0
1.089215453808508,18000.0,0.9999946546014921,0.12282635070414673,10180.0,100.0,42,180,4342,9.137505975603824,0.0,0.0011232723369027505,15719712.0
1.0920477528001853,18000.0,0.9999945806176075,0.12514577421806414,10166.0,100.0,43,180,4343,9.135443499264198,0.0,0.0011281508102565676,15549407.0
1.0729403637875456,18000.0,0.9999946662989531,0.1252479658534337,10349.0,100.0,44,180,4344,9.153306270566896,0.0,0.0011083031464935553,15845745.0
1.0902446347348635,18000.0,0.9999946417690262,0.12330295910872131,10172.0,100.0,45,180,4345,9.136550103985023,0.0,0.0011248569613218264,15489864.0
1.097005714073159,18000.0,0.9999945562761878,0.12487452999986598,10120.0,100.0,46,180,4346,9.130850600828381,0.0,0.0011328472442892323,15318275.0
1.0996457105736859,18000.0,0.9999945172061452,0.12620370272201392,10101.0,100.0,47,180,4347,9.128891473995896,0.0,0.0011369609600302927,15245019.0
1.098495430761668,18000.0,0.9999945992431228,0.12372506583923523,10096.0,100.0,48,180,4348,9.129231396089615,0.0,0.00113397714281985,15335319.0
1.0812730963081065,18000.0,0.9999946735055304,0.12363521307559347,10259.0,100.0,49,180,4349,9.144944653823572,0.0,0.0011157804210861115,15775388.0
