HHI,alpha,average_first_publish_to_top10_days,diversity_factor,gini,n_genes_final,n_seasons_completed,run_idx,seed,shannon_diversity,top10_newcomer_rate,top10_share,total_battles
1.0663888123696026,0.1,9000.0,0.9999989145466656,0.13496547004858425,10440.0,100.0,0,100,9.162940920973725,0.0,0.0011135355817009991,8187255.0
1.0577283303921636,0.1,9000.0,0.9999989219916031,0.13593572359828296,10527.0,100.0,1,101,9.17136102254778,0.0,0.0011059439926706868,8254022.0
1.0808222686139428,0.1,9000.0,0.9999988928673426,0.13652038241139383,10308.0,100.0,2,102,9.150075377879563,0.0,0.0011302367915482004,8145297.0
1.0535433992722059,0.1,9000.0,0.9999989296748777,0.13597264714119642,10565.0,100.0,3,103,9.17527118587514,0.0,0.001102175482744358,8257257.0
1.0675696193144437,0.1,9000.0,0.9999989229665627,0.13469947009151925,10418.0,100.0,4,104,9.162023455784377,0.0,0.0011158103020984978,8123869.0
1.0644284461289506,0.1,9000.0,0.9999989277336958,0.13421490311806306,10447.0,100.0,5,105,9.164693897147572,0.0,0.001111963503789665,8248465.0
1.0492487384829337,0.1,9000.0,0.9999989315892421,0.13571932658662952,10611.0,100.0,6,106,9.17948451668088,0.0,0.0010968535746610434,8284862.0
1.0594626124692592,0.1,9000.0,0.9999989091614466,0.1365523120970676,10522.0,100.0,7,107,9.169708429634454,0.0,0.0011070809915942066,8234332.0
1.0517316787984803,0.1,9000.0,0.9999989316936388,0.13477567933468507,10583.0,100.0,8,108,9.176709480157642,0.0,0.0010982673737056398,8295017.0
1.0773907857578733,0.1,9000.0,0.9999989027755948,0.1353955370651792,10334.0,100.0,9,109,9.152733693781055,0.0,0.0011256909195560044,8150871.0
1.0684662817047106,0.1,9000.0,0.9999989093939431,0.13602904904845234,10423.0,100.0,10,110,9.161372985407684,0.0,0.0011170744710790625,8181197.0
1.0583320448119324,0.1,9000.0,0.9999989277004102,0.13442049646757476,10514.0,100.0,11,111,9.170543512034808,0.0,0.0011049720506101206,8269597.0
1.049854884254275,0.1,9000.0,0.9999989361980418,0.1346968359595295,10599.0,100.0,12,112,9.178810218822091,0.0,0.0010965612662360872,8335059.0
1.0628528607058194,0.1,9000.0,0.9999989142577919,0.13607683857946878,10479.0,100.0,13,113,9.16665827064741,0.0,0.0011111430418882455,8177110.0
1.0651866823923164,0.1,9000.0,0.9999989238173086,0.13459188335624697,10443.0,100.0,14,114,9.163962462253505,0.0,0.001112905149608416,8246184.0
1.0570804390359732,0.1,9000.0,0.9999989284711949,0.13540871085417125,10527.0,100.0,15,115,9.171993274135147,0.0,0.0011052728004814182,8272645.0
1.0800013246163727,0.1,9000.0,0.9999988973142263,0.1364285243207432,10312.0,100.0,16,116,9.150838167664297,0.0,0.0011297739641312615,8025527.0
1.0591054569083171,0.1,9000.0,0.9999989326481761,0.1342250427713543,10500.0,100.0,17,117,9.16983985675142,0.0,0.001106328493174143,8293893.0
1.0644173589584622,0.1,9000.0,0.9999989132055177,0.13601788984586421,10463.0,100.0,18,118,9.16509199600552,0.0,0.0011127735389100566,8170660.0
1.0590918214751481,0.1,9000.0,0.9999989173885195,0.136139955534822,10517.0,100.0,19,119,9.170201865243834,0.0,0.00110720186255894,8274838.0
1.065711388104889,0.1,9000.0,0.9999989112389556,0.13543480382776854,10451.0,100.0,20,120,9.163821553394307,0.0,0.0011130086641275628,8273223.0
1.062319647678291,0.1,9000.0,0.999998923234892,0.13447676267258019,10475.0,100.0,21,121,9.166754653184165,0.0,0.0011091694397905578,8350045.0
1.0740525089578243,0.1,9000.0,0.9999989109424955,0.1350700536742846,10361.0,100.0,22,122,9.155789370392782,0.0,0.001122386019302181,8119827.0
1.0553848420141565,0.1,9000.0,0.9999989301117282,0.13527432824710786,10544.0,100.0,23,123,9.17362817355268,0.0,0.0011032482844175347,8284568.0
1.0779283847876744,0.1,9000.0,0.9999989020837637,0.13531462194167587,10329.0,100.0,24,124,9.152271301597578,0.0,0.001126085104043725,8121539.0
1.0620550002006492,0.1,9000.0,0.9999989222372361,0.13509240316556995,10479.0,100.0,25,125,9.167234930021387,0.0,0.0011097401147198206,8217747.0
1.0711172779105742,0.1,9000.0,0.9999989115039051,0.13515004907939596,10392.0,100.0,26,126,9.158578395928288,0.0,0.0011190760379342836,8212776.0
1.0544768715308017,0.1,9000.0,0.9999989185475466,0.13630324248041836,10567.0,100.0,27,127,9.1745308517004,0.0,0.0011021014296557171,8289607.0
1.052685654299718,0.1,9000.0,0.9999989293018261,0.13487597739855586,10575.0,100.0,28,128,9.175736857725235,0.0,0.0010992137092012066,8387564.0
1.0624500876009153,0.1,9000.0,0.9999989237536041,0.13489591166451087,10473.0,100.0,29,129,9.166639479078569,0.0,0.0011101238627995904,8171507.0
1.069232773796492,0.1,9000.0,0.99999891647994,0.13481810309209338,10407.0,100.0,30,130,9.160297582939195,0.0,0.0011170080559860008,8188427.0
1.0444337832451258,0.1,9000.0,0.9999989434663324,0.134494720353632,10652.0,100.0,31,131,9.183606896976844,0.0,0.0010908615435651257,8373472.0
1.0800095384189627,0.1,9000.0,0.9999988972320796,0.1361618433266304,10312.0,100.0,32,132,9.150624920206926,0.0,0.001129305848493507,8084099.0
1.042342708925426,0.1,9000.0,0.9999989388877478,0.13519952839894003,10681.0,100.0,33,133,9.18586536399425,0.0,0.0010888097765404195,8456108.0
1.0699940268105357,0.1,9000.0,0.9999989097900931,0.13556141524360088,10406.0,100.0,34,134,9.159739825224182,0.0,0.0011181666494362486,8180949.0
1.048813795833506,0.1,9000.0,0.9999989297255751,0.13545847967127997,10618.0,100.0,35,135,9.179659408132439,0.0,0.0010955984547204292,8312686.0
1.048569917933904,0.1,9000.0,0.9999989312776267,0.1358183192985419,10619.0,100.0,36,136,9.18013873216249,0.0,0.0010961428463412662,8350495.0
1.0398911691441417,0.1,9000.0,0.999998943286506,0.13479575485658044,10704.0,100.0,37,137,9.188115781103305,0.0,0.0010858688424625128,8472135.0
1.0483927813825022,0.1,9000.0,0.9999989374857503,0.1350559633577009,10614.0,100.0,38,138,9.179985997400347,0.0,0.0010956248259190392,8342475.0
1.056977787805896,0.1,9000.0,0.9999989168800517,0.13670572468861755,10541.0,100.0,39,139,9.172548765663917,0.0,0.0011055344313269165,8199819.0
1.0765872000936831,0.1,9000.0,0.9999989080036439,0.13492107771652523,10337.0,100.0,40,140,9.153558760528396,0.0,0.001124715793469146,8145145.0
1.0643803142311252,0.1,9000.0,0.9999989199750804,0.13494061159928825,10456.0,100.0,41,141,9.164818285034835,0.0,0.001111936737403532,8151865.0
1.0598500957233374,0.1,9000.0,0.9999989324634596,0.1336276329956063,10492.0,100.0,42,142,9.168932471438227,0.0,0.0011061789586829672,8313839.0
1.0692562422787637,0.1,9000.0,0.9999989107080193,0.1358651515451044,10413.0,100.0,43,143,9.160551656048865,0.0,0.0011179437322492534,8151442.0
1.0458721744103663,0.1,9000.0,0.9999989396697826,0.13477466623622925,10640.0,100.0,44,144,9.182270564320207,0.0,0.0010924647807925574,8386278.0
1.0784032919742799,0.1,9000.0,0.9999989020234559,0.13473911859129067,10324.0,100.0,45,145,9.151618788145957,0.0,0.001125660274487402,8188833.0
1.0619532623593315,0.1,9000.0,0.9999989159742444,0.13636885027608034,10487.0,100.0,46,146,9.167827521478225,0.0,0.0011108232382470021,8193537.0
1.062316837392108,0.1,9000.0,0.9999989269101913,0.13446147009879877,10471.0,100.0,47,147,9.166629188754285,0.0,0.0011097177279945118,8256155.0
1.0735814778034958,0.1,9000.0,0.9999989044868195,0.1360742558062171,10373.0,100.0,48,148,9.156630726876513,0.0,0.0011225350712255324,8134494.0
1.0691224229485445,0.1,9000.0,0.9999989111241061,0.1350504617376926,10414.0,100.0,49,149,9.160306348148781,0.0,0.0011164513574412,8225295.0
1.067724552621506,0.1,9000.0,0.999998914971236,0.13528758257416756,10425.0,100.0,50,150,9.161856498958205,0.0,0.0011157748633873344,8219420.0
1.0532278026479214,0.1,9000.0,0.9999989167308416,0.13675848797495124,10583.0,100.0,51,151,9.175906446173178,0.0,0.0011010965657570731,8294156.0
1.0586747547465811,0.1,9000.0,0.9999989224638945,0.13524290469353833,10516.0,100.0,52,152,9.17025511459879,0.0,0.0011059756801641374,8268740.0
1.040739141247093,0.1,9000.0,0.9999989435427411,0.13527744548877563,10694.0,100.0,53,153,9.187487988413638,0.0,0.0010877323174867766,8360961.0
1.0468707249298477,0.1,9000.0,0.9999989402960057,0.13491610387992162,10628.0,100.0,54,154,9.181443426724957,0.0,0.001093994720337639,8357317.0
1.0385557301772976,0.1,9000.0,0.9999989400871898,0.1358887543982556,10723.0,100.0,55,155,9.189980043261933,0.0,0.0010855692835383473,8455441.0
1.0304367221020243,0.1,9000.0,0.999998958221284,0.1351258775591187,10796.0,100.0,56,156,9.197486838302977,0.0,0.0010773664478659383,8428670.0
1.0618488921764289,0.1,9000.0,0.9999989161087772,0.13590496333092486,10488.0,100.0,57,157,9.167294431572422,0.0,0.0011099477839353821,8232407.0
1.056055801191016,0.1,9000.0,0.9999989081335402,0.13782396821680304,10561.0,100.0,58,158,9.173743157087083,0.0,0.0011049728609914106,8233288.0
1.0524531575003568,0.1,9000.0,0.9999989396825298,0.1341548315121318,10566.0,100.0,59,159,9.176159408118046,0.0,0.0010993086215371015,8326531.0
1.054670297152587,0.1,9000.0,0.9999989336610495,0.13507114750554267,10548.0,100.0,60,160,9.17413120608427,0.0,0.0011026146465308387,8301039.0
1.0759079844571968,0.1,9000.0,0.9999989119894895,0.13482431516303345,10340.0,100.0,61,161,9.15436145032273,0.0,0.0011243414073124666,8101714.0
1.0692893882557566,0.1,9000.0,0.9999989149904236,0.13550405625465528,10408.0,100.0,62,162,9.160570256510212,0.0,0.001118020717830442,8088279.0
1.0616395054645562,0.1,9000.0,0.999998923661139,0.13494012853048276,10482.0,100.0,63,163,9.167431328571451,0.0,0.001109201122529714,8254881.0
1.0589278868545127,0.1,9000.0,0.9999989208367507,0.1366769712907603,10515.0,100.0,64,164,9.170573215038008,0.0,0.0011084845193897045,8168382.0
1.0757813582035798,0.1,9000.0,0.9999989085811143,0.1349955621809093,10345.0,100.0,65,165,9.154327470323853,0.0,0.0011239485336026714,8126391.0
1.0481176858788759,0.1,9000.0,0.9999989429009424,0.13379463862053287,10611.0,100.0,66,166,9.179889861910777,0.0,0.001094015593238068,8321509.0
1.0622079342756625,0.1,9000.0,0.9999989116088736,0.1366932061010382,10489.0,100.0,67,167,9.167391754735482,0.0,0.0011110051970230313,8170278.0
1.0747174642381323,0.1,9000.0,0.9999989042922355,0.13560965602224076,10361.0,100.0,68,168,9.155362949721269,0.0,0.0011230807058039674,8176975.0
1.0616890362832736,0.1,9000.0,0.999998919526235,0.13490563172931075,10486.0,100.0,69,169,9.167263695877667,0.0,0.0011085578227651087,8266734.0
1.0739057723235865,0.1,9000.0,0.9999989086849821,0.13489437069524024,10365.0,100.0,70,170,9.155834564614901,0.0,0.0011215618612273601,8182386.0
1.0689954117277884,0.1,9000.0,0.9999989188538119,0.13431295006773536,10407.0,100.0,71,171,9.160406748332978,0.0,0.0011162359655652618,8198989.0
1.0583898939715992,0.1,9000.0,0.9999989244085303,0.1353473885026698,10517.0,100.0,72,172,9.170702749755243,0.0,0.001106100033435768,8207174.0
1.0491533615974884,0.1,9000.0,0.9999989316549588,0.13475782714902615,10612.0,100.0,73,173,9.179071387886282,0.0,0.0010951394791289559,8398870.0
1.0551755255993993,0.1,9000.0,0.9999989358047151,0.13420519608246959,10540.0,100.0,74,174,9.173455123375787,0.0,0.001102078807334553,8309513.0
1.052050452043267,0.1,9000.0,0.9999989293986004,0.13492726353805598,10582.0,100.0,75,175,9.176504293976917,0.0,0.0010985580027800795,8343103.0
1.082072900057594,0.1,9000.0,0.999998903947491,0.13433670794251262,10283.0,100.0,76,176,9.148103408381164,0.0,0.0011296754002088057,8167572.0
1.0556371117163705,0.1,9000.0,0.9999989275887676,0.13481465948106613,10544.0,100.0,77,177,9.17295018245338,0.0,0.0011023941823356466,8263690.0
1.0714852426976584,0.1,9000.0,0.9999989050464638,0.13592843778406663,10395.0,100.0,78,178,9.158622786198029,0.0,0.001119844436776061,8168706.0
1.0660486010159897,0.1,9000.0,0.9999989225391964,0.13452025913275406,10435.0,100.0,79,179,9.163221414201802,0.0,0.0011136152244535357,8236340.0
1.0609887364174424,0.1,9000.0,0.999998919259206,0.1358194248890088,10494.0,100.0,80,180,9.168397141877874,0.0,0.0011092346273774815,8249547.0
1.0664620423140891,0.1,9000.0,0.9999989174859835,0.13523064743519278,10436.0,100.0,81,181,9.163108294144772,0.0,0.0011145323009088771,8192915.0
1.0765906060821357,0.1,9000.0,0.9999989089056206,0.13484995165115593,10336.0,100.0,82,182,9.15347501085215,0.0,0.001124725463807216,8113558.0
1.0524601903205513,0.1,9000.0,0.999998929768453,0.13467456878208223,10577.0,100.0,83,183,9.176143783007694,0.0,0.0010986715595591315,8459704.0
1.0450044607767004,0.1,9000.0,0.9999989359964777,0.13539915559893032,10654.0,100.0,84,184,9.183396136154872,0.0,0.0010918820700137571,8320151.0
1.053130318657885,0.1,9000.0,0.999998931118917,0.1352904387652009,10568.0,100.0,85,185,9.175619591928522,0.0,0.0011007228268106618,8324238.0
1.0632003243133534,0.1,9000.0,0.9999989153387363,0.13556248596234516,10474.0,100.0,86,186,9.166056737938197,0.0,0.0011108493014476792,8291083.0
1.0671293369355506,0.1,9000.0,0.9999989172445759,0.13517026558631176,10429.0,100.0,87,187,9.162502263022217,0.0,0.0011152062665257235,8189282.0
1.0485024330129509,0.1,9000.0,0.9999989417185301,0.1334066725459467,10608.0,100.0,88,188,9.179409674598935,0.0,0.0010936457678012896,8402128.0
1.0526029603810125,0.1,9000.0,0.9999989337073772,0.13505196136097325,10571.0,100.0,89,189,9.176109951682243,0.0,0.0011000795606889238,8309962.0
1.052288959263395,0.1,9000.0,0.9999989225498377,0.13594158573123172,10587.0,100.0,90,190,9.176715955982468,0.0,0.0010994719126006015,8344195.0
1.0614772202001117,0.1,9000.0,0.9999989216446183,0.1352957433381882,10486.0,100.0,91,191,9.167889633673717,0.0,0.0011093039852082707,8248778.0
1.063711265547555,0.1,9000.0,0.9999989111404973,0.1362895118938084,10473.0,100.0,92,192,9.165758105502709,0.0,0.0011120623519695336,8240895.0
1.0678572263941097,0.1,9000.0,0.9999989090454916,0.13637246048315152,10430.0,100.0,93,193,9.162214977084007,0.0,0.0011168684289529713,8185658.0
1.0672775290750278,0.1,9000.0,0.9999989139238331,0.13539160476224016,10431.0,100.0,94,194,9.162336202684552,0.0,0.0011152490990610792,8151334.0
1.0447371719194831,0.1,9000.0,0.9999989421952832,0.13461757449682635,10650.0,100.0,95,195,9.183581060050207,0.0,0.0010912112634333148,8348053.0
1.0516711844179982,0.1,9000.0,0.9999989305131002,0.13545192353616267,10585.0,100.0,96,196,9.177065591307393,0.0,0.0010991444921495557,8290888.0
1.0661947817633177,0.1,9000.0,0.999998918322672,0.13498220959204343,10438.0,100.0,97,197,9.163323015114312,0.0,0.0011139174580644575,8181607.0
1.0440482306127508,0.1,9000.0,0.9999989420367743,0.1343833044889021,10658.0,100.0,98,198,9.184033053128255,0.0,0.0010899739086875076,8450179.0
1.0350508301507528,0.1,9000.0,0.9999989473897711,0.13483526999771875,10755.0,100.0,99,199,9.19274136743164,0.0,0.001080755913986049,8403891.0
1.0536024171439553,0.3,9000.0,0.9999967953235078,0.13522531280773517,10562.0,100.0,0,1100,9.17528516780682,0.0,0.0011012860803264822,8278152.0
1.0655628601541514,0.3,9000.0,0.9999967574180365,0.13476342509550088,10444.0,100.0,1,1101,9.16372219711476,0.0,0.0011129204717531117,8197740.0
1.0453275082432796,0.3,9000.0,0.9999968221096236,0.13489453534456863,10645.0,100.0,2,1102,9.183161490440645,0.0,0.001092155180006857,8387289.0
1.0486638001192072,0.3,9000.0,0.999996801666307,0.13526796196441648,10615.0,100.0,3,1103,9.179867594949306,0.0,0.0010957504631896214,8283609.0
1.0431722558127179,0.3,9000.0,0.9999968365570128,0.13566619056240373,10664.0,100.0,4,1104,9.185585669815424,0.0,0.0010916177375448167,8339061.0
1.0527127825507512,0.3,9000.0,0.9999967817302547,0.13551429753967728,10577.0,100.0,5,1105,9.17605666056624,0.0,0.0010999915867361456,8263614.0
1.0618704797609828,0.3,9000.0,0.9999967695193795,0.13463443700932942,10480.0,100.0,6,1106,9.167114163338859,0.0,0.0011088843494914428,8283932.0
1.0605693228973703,0.3,9000.0,0.9999967785405146,0.1343405775339986,10491.0,100.0,7,1107,9.168496906932488,0.0,0.001107282315827826,8324571.0
1.053733892004463,0.3,9000.0,0.9999967806250036,0.1356917357124318,10566.0,100.0,8,1108,9.175043075519277,0.0,0.001101469414914236,8281185.0
1.0876635681252511,0.3,9000.0,0.9999966952703696,0.13503473371093766,10230.0,100.0,9,1109,9.14343190647173,0.0,0.001136735162796771,7994880.0
1.0471188826869262,0.3,9000.0,0.9999968081345353,0.13554232406217245,10630.0,100.0,10,1110,9.181424110280137,0.0,0.0010946829428175537,8313356.0
1.0688374501381226,0.3,9000.0,0.9999967060066413,0.13674956855395184,10427.0,100.0,11,1111,9.161054270474663,0.0,0.0011176029600354223,8164125.0
1.0611592759650048,0.3,9000.0,0.9999967472165444,0.1362547968668645,10496.0,100.0,12,1112,9.168357199332867,0.0,0.0011096358657319565,8186677.0
1.0794929067654377,0.3,9000.0,0.999996707200459,0.1351547311746199,10312.0,100.0,13,1113,9.15084297797766,0.0,0.0011277352511023012,8098673.0
1.0360580882599912,0.3,9000.0,0.9999968457122985,0.13518722789376272,10742.0,100.0,14,1114,9.19216791659876,0.0,0.0010827178093767095,8389402.0
1.0744400343659715,0.3,9000.0,0.9999967295910481,0.1351280993459471,10358.0,100.0,15,1115,9.155564601793786,0.0,0.0011227732915686337,8114134.0
1.0699557945767029,0.3,9000.0,0.9999967305209311,0.13527288614592042,10406.0,100.0,16,1116,9.159632886340223,0.0,0.0011176901382629052,8167061.0
1.0563271182208696,0.3,9000.0,0.9999967836732157,0.13454959861296656,10536.0,100.0,17,1117,9.172278056823297,0.0,0.0011028150684143177,8335982.0
1.063249177598236,0.3,9000.0,0.9999967418193831,0.1355823761232712,10475.0,100.0,18,1118,9.165993012095365,0.0,0.0011107392477286207,8289250.0
1.0719673806166021,0.3,9000.0,0.9999967173465429,0.13594925591035828,10389.0,100.0,19,1119,9.15815195925954,0.0,0.0011205748071366122,8124895.0
1.0599994058636608,0.3,9000.0,0.9999967983660538,0.13405657289390666,10490.0,100.0,20,1120,9.1687830185627,0.0,0.0011071451266972633,8219646.0
1.062080890154572,0.3,9000.0,0.9999967522836429,0.13568716953693594,10484.0,100.0,21,1121,9.166985248420858,0.0,0.0011100603463947683,8259206.0
1.0547912673789228,0.3,9000.0,0.999996786574665,0.13534025002081557,10552.0,100.0,22,1122,9.174028812376125,0.0,0.0011024611436914774,8255611.0
1.0590227217117807,0.3,9000.0,0.9999967650966002,0.1362434010566967,10513.0,100.0,23,1123,9.170352395532166,0.0,0.001107985068708145,8191760.0
1.0627096296187042,0.3,9000.0,0.9999967634772243,0.1350273769117847,10473.0,100.0,24,1124,9.166530261666516,0.0,0.0011102444995855574,8215531.0
1.0624369934150608,0.3,9000.0,0.9999967716571532,0.13480388305451452,10473.0,100.0,25,1125,9.166644938362476,0.0,0.0011099684421208619,8256973.0
1.0722165287284056,0.3,9000.0,0.999996718213143,0.135309784836873,10386.0,100.0,26,1126,9.157516332656062,0.0,0.00111982448426112,8128086.0
1.063993508985976,0.3,9000.0,0.999996744117403,0.13579000995500792,10466.0,100.0,27,1127,9.165517301042186,0.0,0.0011121013243934263,8230968.0
1.0612117971786639,0.3,9000.0,0.9999967619905734,0.13574740041345212,10490.0,100.0,28,1128,9.168219062963646,0.0,0.001109603163304908,8240009.0
1.079624459996717,0.3,9000.0,0.9999966863344468,0.13638835997929918,10318.0,100.0,29,1129,9.151155922803476,0.0,0.0011289745196659078,8031882.0
1.0610801756092314,0.3,9000.0,0.9999967686664167,0.13496763976731058,10489.0,100.0,30,1130,9.167930242989854,0.0,0.0011084591620464607,8268245.0
1.055766264258149,0.3,9000.0,0.9999967519336228,0.13637386181437702,10554.0,100.0,31,1131,9.173379356869246,0.0,0.001103586365680091,8348544.0
1.078615857135161,0.3,9000.0,0.9999966968817162,0.13594793030320326,10325.0,100.0,32,1132,9.151952035003898,0.0,0.0011275168481245218,8059806.0
1.0671047626022383,0.3,9000.0,0.999996733177863,0.13574659154044585,10436.0,100.0,33,1133,9.162672339833492,0.0,0.001115196388665851,8173069.0
1.0485011444881824,0.3,9000.0,0.9999967958997199,0.13509449660384823,10619.0,100.0,34,1134,9.179827936770526,0.0,0.001094954836970451,8333200.0
1.059795117679034,0.3,9000.0,0.999996755501862,0.13587878083902163,10508.0,100.0,35,1135,9.169619275281503,0.0,0.001107781993197706,8230789.0
1.0624750300213264,0.3,9000.0,0.9999967459185745,0.13570424639345835,10482.0,100.0,36,1136,9.166779783263184,0.0,0.0011102206518727002,8205380.0
1.0592915255953403,0.3,9000.0,0.9999967543173014,0.135797841277207,10514.0,100.0,37,1137,9.169913817385158,0.0,0.0011069693265169094,8218328.0
1.0458474536235125,0.3,9000.0,0.9999968038622261,0.1355554305063436,10646.0,100.0,38,1138,9.18260099308524,0.0,0.0010929527545826367,8307674.0
1.0533695182364222,0.3,9000.0,0.9999967834972838,0.1360712384250778,10569.0,100.0,39,1139,9.175640598995333,0.0,0.001101830675404628,8222452.0
1.0437347828797021,0.3,9000.0,0.9999968328770645,0.1347950144882179,10659.0,100.0,40,1140,9.184468442340883,0.0,0.0010906392482648492,8367163.0
1.0681302052053183,0.3,9000.0,0.9999967244668732,0.13634760413078717,10428.0,100.0,41,1141,9.161672996016994,0.0,0.0011170171154384538,8175699.0
1.0580044313581531,0.3,9000.0,0.9999967604020709,0.13589930672559544,10526.0,100.0,42,1142,9.171182913241585,0.0,0.0011059197357324421,8277996.0
1.045042937996988,0.3,9000.0,0.9999968227067239,0.13522169686474456,10648.0,100.0,43,1143,9.183276259424527,0.0,0.0010924146303567359,8362570.0
1.053765158742726,0.3,9000.0,0.9999968065868262,0.13426713803145135,10556.0,100.0,44,1144,9.174773294988427,0.0,0.001100449787028427,8300160.0
1.0737489996136682,0.3,9000.0,0.9999967391426936,0.134799822846856,10362.0,100.0,45,1145,9.156020233257827,0.0,0.0011218859509352184,8153884.0
1.0572531625297055,0.3,9000.0,0.9999967558890399,0.13609837100266117,10536.0,100.0,46,1146,9.171942190641307,0.0,0.0011051141532891437,8238622.0
1.056931218000265,0.3,9000.0,0.9999967844803546,0.13408215955582048,10529.0,100.0,47,1147,9.171419323945782,0.0,0.0011027977793954694,8349129.0
1.053480562346446,0.3,9000.0,0.9999967828517949,0.13558869982928715,10568.0,100.0,48,1148,9.175292216908145,0.0,0.0011011070630700074,8250397.0
1.0696520755487975,0.3,9000.0,0.9999967313236581,0.13521082283277142,10409.0,100.0,49,1149,9.159915939867677,0.0,0.001117253738175614,8192138.0
1.0667594081753442,0.3,9000.0,0.9999967518064058,0.13525657720055165,10433.0,100.0,50,1150,9.162588123362987,0.0,0.0011149222414134892,8214913.0
1.0692876432060432,0.3,9000.0,0.9999967118294758,0.13624390958925944,10420.0,100.0,51,1151,9.160485150229224,0.0,0.0011175782732135418,8181754.0
1.0614181541038947,0.3,9000.0,0.9999967694383799,0.13467940618069785,10485.0,100.0,52,1152,9.167454206082764,0.0,0.0011084309749579506,8332977.0
1.0630301080963953,0.3,9000.0,0.9999967702836222,0.1347507217254318,10467.0,100.0,53,1153,9.16609831049478,0.0,0.0011105252061405129,8281983.0
1.0527151855428447,0.3,9000.0,0.999996770934778,0.13635869702009837,10581.0,100.0,54,1154,9.176206771873463,0.0,0.0011008736144432509,8302296.0
1.0547180947697647,0.3,9000.0,0.999996794160254,0.13525835632534014,10550.0,100.0,55,1155,9.174190371749908,0.0,0.0011026277278621485,8258830.0
1.0812008982697943,0.3,9000.0,0.9999966983391194,0.13506310668053972,10297.0,100.0,56,1156,9.149143433123271,0.0,0.0011291716903209818,8175069.0
1.0537013473800914,0.3,9000.0,0.9999967601181409,0.1365951564085518,10574.0,100.0,57,1157,9.175375177536464,0.0,0.0011019085005768293,8273281.0
1.0709313341183953,0.3,9000.0,0.9999967012517078,0.13656911646943912,10406.0,100.0,58,1158,9.158972206703373,0.0,0.0011195746268341988,8196151.0
1.0531970053428543,0.3,9000.0,0.9999967913593738,0.13502641725224693,10568.0,100.0,59,1159,9.175563736309188,0.0,0.0011002502428115273,8290494.0
1.0654602331297742,0.3,9000.0,0.9999967467507382,0.1350357469380436,10449.0,100.0,60,1160,9.163981581921421,0.0,0.0011126952815308587,8236850.0
1.0573104647226081,0.3,9000.0,0.9999967893492541,0.13527446499846135,10523.0,100.0,61,1161,9.171693820498707,0.0,0.0011055192781231147,8219958.0
1.0679465943331854,0.3,9000.0,0.9999967410162014,0.13528226496541024,10424.0,100.0,62,1162,9.16150272717618,0.0,0.0011158306390405923,8212622.0
1.0618515261514831,0.3,9000.0,0.9999967291705748,0.1365555640840464,10495.0,100.0,63,1163,9.167733979999422,0.0,0.0011100493952099929,8253292.0
1.0675364787852146,0.3,9000.0,0.9999967533209416,0.1351903922837467,10424.0,100.0,64,1164,9.1621060051049,0.0,0.0011158095182906874,8179841.0
1.0674953672951184,0.3,9000.0,0.9999967131964235,0.13659573842631598,10439.0,100.0,65,1165,9.16237481657449,0.0,0.0011161041845029007,8217995.0
1.050540918090335,0.3,9000.0,0.9999967666646327,0.13621287877167604,10607.0,100.0,66,1166,9.178346025370207,0.0,0.0010977818780578703,8278462.0
1.053363804392459,0.3,9000.0,0.9999967971046758,0.1348900692146499,10564.0,100.0,67,1167,9.17517092631994,0.0,0.0011005269964913895,8317990.0
1.0620636750371866,0.3,9000.0,0.9999967555300618,0.13554894602388656,10483.0,100.0,68,1168,9.167262129195157,0.0,0.0011099443056482707,8223222.0
1.0635246153005355,0.3,9000.0,0.9999967773718441,0.1343050940583888,10459.0,100.0,69,1169,9.16553613936681,0.0,0.001110713731645928,8245182.0
1.0561053665921916,0.3,9000.0,0.9999967741190386,0.13538517082561288,10542.0,100.0,70,1170,9.172988351477086,0.0,0.0011034597024340584,8264979.0
1.0798217409384854,0.3,9000.0,0.9999966804153991,0.1366288464656199,10318.0,100.0,71,1171,9.151045118508813,0.0,0.0011293034524404739,8098596.0
1.0611302233614,0.3,9000.0,0.9999967644380398,0.13530053641765782,10490.0,100.0,72,1172,9.168084756942033,0.0,0.001108865650205892,8206122.0
1.0688103344288606,0.3,9000.0,0.9999967289137758,0.13558831539188856,10419.0,100.0,73,1173,9.161046527519382,0.0,0.0011167546711976705,8195421.0
1.0540457404075412,0.3,9000.0,0.999996806248434,0.13437070076322172,10553.0,100.0,74,1174,9.174515254862543,0.0,0.0011009449389697405,8310787.0
1.049816334455279,0.3,9000.0,0.9999967884043548,0.1361560980219152,10607.0,100.0,75,1175,9.179105853051064,0.0,0.0010979488074611937,8263104.0
1.0496284307392862,0.3,9000.0,0.9999967753873868,0.13627925065386212,10614.0,100.0,76,1176,9.179252398477395,0.0,0.0010972518751577519,8317441.0
1.0632052300067,0.3,9000.0,0.9999967677682111,0.134866397752007,10466.0,100.0,77,1177,9.165737841530056,0.0,0.0011108088037988055,8253684.0
1.0725775171550338,0.3,9000.0,0.9999967324367662,0.13488496724080573,10377.0,100.0,78,1178,9.157343744581262,0.0,0.0011202555647072316,8162488.0
1.059774230440762,0.3,9000.0,0.999996775161599,0.13483330777052643,10501.0,100.0,79,1179,9.169071772956984,0.0,0.001107003901414348,8269135.0
1.0466293048668396,0.3,9000.0,0.9999968254787921,0.13431710787291795,10629.0,100.0,80,1180,9.18165436353723,0.0,0.001092932096060507,8394872.0
1.0652756618872627,0.3,9000.0,0.9999967467935598,0.13563891600344488,10451.0,100.0,81,1181,9.16434475108107,0.0,0.0011135090444264885,8237941.0
1.0672376223647224,0.3,9000.0,0.9999967402151653,0.13610170186210646,10432.0,100.0,82,1182,9.162583657352574,0.0,0.0011163391016621095,8163938.0
1.0715745746516954,0.3,9000.0,0.9999967180170108,0.13579874869899497,10393.0,100.0,83,1183,9.158433850195166,0.0,0.0011198775192965665,8124657.0
1.066608301037803,0.3,9000.0,0.9999967508283351,0.13534254075304278,10435.0,100.0,84,1184,9.16294269306936,0.0,0.0011148279200991513,8197106.0
1.0647042929707535,0.3,9000.0,0.999996755698008,0.13434410167448613,10454.0,100.0,85,1185,9.164444604664801,0.0,0.0011110745676910039,8261793.0
1.0621958562868141,0.3,9000.0,0.9999967788920122,0.13381261885408002,10473.0,100.0,86,1186,9.16659959098784,0.0,0.0011083743472411747,8209635.0
1.0655257444443342,0.3,9000.0,0.9999967722912191,0.13364445866900934,10439.0,100.0,87,1187,9.163442281997465,0.0,0.001111731541130551,8326283.0
1.066884970537255,0.3,9000.0,0.9999967315102206,0.13534300776526031,10439.0,100.0,88,1188,9.16257640020184,0.0,0.0011141518303176938,8189200.0
1.046459225956394,0.3,9000.0,0.9999968305816772,0.13452343156000215,10629.0,100.0,89,1189,9.18174603051221,0.0,0.001093347727937679,8322641.0
1.0790361609663965,0.3,9000.0,0.9999967124423053,0.13533366447325407,10315.0,100.0,90,1190,9.151643836818018,0.0,0.001127755694803067,8041788.0
1.0744099928796242,0.3,9000.0,0.9999967109303272,0.13592600650837874,10365.0,100.0,91,1191,9.15585634469552,0.0,0.0011231483274966483,8148907.0
1.067299760918107,0.3,9000.0,0.9999967383508158,0.13571718967322824,10432.0,100.0,92,1192,9.16238328721757,0.0,0.0011156597073958266,8197836.0
1.0689865840070114,0.3,9000.0,0.9999967457532757,0.1347747828730253,10411.0,100.0,93,1193,9.160657862738693,0.0,0.0011164485154246545,8187384.0
1.0575773776140829,0.3,9000.0,0.9999967867609869,0.13494841973311764,10521.0,100.0,94,1194,9.17140325077465,0.0,0.0011051540287181484,8341418.0
1.064944156859158,0.3,9000.0,0.9999967485013485,0.13533429659990148,10454.0,100.0,95,1195,9.164511973503748,0.0,0.0011126761243842502,8247915.0
1.0619574140053616,0.3,9000.0,0.9999967368934966,0.13627100860638625,10491.0,100.0,96,1196,9.167622031968303,0.0,0.0011100883648128006,8258394.0
1.0631303213872492,0.3,9000.0,0.9999967618009076,0.13539990340020822,10469.0,100.0,97,1197,9.166248260972466,0.0,0.0011113130298558913,8246180.0
1.0569335514971694,0.3,9000.0,0.9999967789986345,0.13548411969627205,10531.0,100.0,98,1198,9.172189285800203,0.0,0.0011048845320110036,8217424.0
1.0732929501828592,0.3,9000.0,0.9999967304883676,0.13528641737786437,10370.0,100.0,99,1199,9.156687314539006,0.0,0.0011217175197890477,8109699.0
1.0602825773427864,0.5,9000.0,0.9999946180008831,0.13406795921406003,10497.0,100.0,0,2100,9.168441802886383,0.0,0.0011060912238231183,8342603.0
1.0696867206388534,0.5,9000.0,0.9999945550952543,0.13575557093859456,10408.0,100.0,1,2101,9.160152529231544,0.0,0.0011183157326400623,8113466.0
1.0684615727566233,0.5,9000.0,0.999994588678249,0.13411102180333626,10414.0,100.0,2,2102,9.160791165409245,0.0,0.001115065765624133,8284970.0
1.08826280935436,0.5,9000.0,0.9999944669368002,0.13533039648354206,10229.0,100.0,3,2103,9.142842255042787,0.0,0.0011371995935375372,8089116.0
1.0728799467112209,0.5,9000.0,0.9999945528793746,0.13476658607185893,10374.0,100.0,4,2104,9.157118084568165,0.0,0.0011203859463118973,8133416.0
1.067251288619778,0.5,9000.0,0.999994552567122,0.1356090227226574,10435.0,100.0,5,2105,9.16246844668597,0.0,0.0011150526448624393,8139974.0
1.0468394351875991,0.5,9000.0,0.9999947030559008,0.13507562256362782,10628.0,100.0,6,2106,9.181804815801762,0.0,0.0010942715329416849,8341823.0
1.051680585380901,0.5,9000.0,0.9999946342615839,0.1358109682522391,10589.0,100.0,7,2107,9.17709610674774,0.0,0.0010991944469435854,8328912.0
1.0443975058520323,0.5,9000.0,0.999994675127895,0.1349963839273758,10662.0,100.0,8,2108,9.18386358689166,0.0,0.0010903298004460824,8418489.0
1.0654161246377818,0.5,9000.0,0.9999946030400868,0.13490940690729958,10444.0,100.0,9,2109,9.163941794797093,0.0,0.0011132281621030926,8183711.0
1.063104848751638,0.5,9000.0,0.9999945951579283,0.1360480087846046,10471.0,100.0,10,2110,9.166604682579251,0.0,0.0011121517514548827,8233257.0
1.0640334755781908,0.5,9000.0,0.9999945624079623,0.13591367741143637,10468.0,100.0,11,2111,9.165275621461904,0.0,0.0011120224787589368,8269468.0
1.0612993797250738,0.5,9000.0,0.9999946125803992,0.13525368107245203,10487.0,100.0,12,2112,9.168080340219497,0.0,0.0011091544962207667,8202961.0
1.0774623229933917,0.5,9000.0,0.9999945290498202,0.13552623171813288,10330.0,100.0,13,2113,9.15295556062806,0.0,0.0011264651860434691,8018638.0
1.0442885465661462,0.5,9000.0,0.9999947157929704,0.13457800995771826,10654.0,100.0,14,2114,9.183880323356027,0.0,0.0010907575430972641,8317025.0
1.0628544708354355,0.5,9000.0,0.9999946076780875,0.13539513120141608,10471.0,100.0,15,2115,9.16651852380289,0.0,0.001111120464284797,8223146.0
1.0707252123200715,0.5,9000.0,0.999994521636878,0.13682064406997507,10404.0,100.0,16,2116,9.159560725538705,0.0,0.0011203649698543544,8135699.0
1.0470995995497778,0.5,9000.0,0.9999946944737649,0.1348673237093974,10627.0,100.0,17,2117,9.181424577313248,0.0,0.0010939549001202176,8302408.0
1.0493866855687977,0.5,9000.0,0.9999946777215947,0.1347203859236756,10605.0,100.0,18,2118,9.178954858002488,0.0,0.0010959556948607729,8406517.0
1.0762778241856645,0.5,9000.0,0.9999945695437805,0.13444656195427662,10334.0,100.0,19,2119,9.153586670560088,0.0,0.0011244373471764786,8151363.0
1.0545217924469537,0.5,9000.0,0.999994630841489,0.13589911042451716,10558.0,100.0,20,2120,9.174509705571364,0.0,0.0011026610878439554,8265660.0
1.0596797820201758,0.5,9000.0,0.9999945846942392,0.13634539472487445,10511.0,100.0,21,2121,9.169719481080719,0.0,0.0011082035613656502,8190982.0
1.0619087616864404,0.5,9000.0,0.9999945912035798,0.13553027822154498,10485.0,100.0,22,2122,9.167436478220734,0.0,0.001109695871105495,8207406.0
1.0686693418655069,0.5,9000.0,0.9999945782887396,0.13533739317381235,10414.0,100.0,23,2123,9.161077682901459,0.0,0.0011170920997314792,8142017.0
1.0626106725835953,0.5,9000.0,0.9999945515563889,0.13670860189821046,10486.0,100.0,24,2124,9.1671090728226,0.0,0.0011113164045110202,8181461.0
1.0487410915329705,0.5,9000.0,0.9999947055587483,0.13405636334015048,10606.0,100.0,25,2125,9.179619733283287,0.0,0.0010949138148603778,8257273.0
1.0550920297258732,0.5,9000.0,0.9999946382408461,0.13584954298161017,10550.0,100.0,26,2126,9.173960895836217,0.0,0.001103498055040738,8252208.0
1.0575216715333442,0.5,9000.0,0.9999946428759278,0.1342429357252694,10522.0,100.0,27,2127,9.171151754970696,0.0,0.0011038330859351913,8324794.0
1.0635881649809038,0.5,9000.0,0.9999945755508272,0.1356726074211143,10470.0,100.0,28,2128,9.165824300467673,0.0,0.0011114760886451695,8200980.0
1.0542208356853988,0.5,9000.0,0.9999946414054003,0.13520166845125603,10559.0,100.0,29,2129,9.174648569849774,0.0,0.0011014367126956123,8275953.0
1.0610706603417404,0.5,9000.0,0.99999464221169,0.1343488969333148,10483.0,100.0,30,2130,9.167802128318215,0.0,0.0011082645283452977,8281562.0
1.0697441193346364,0.5,9000.0,0.9999945291556331,0.1362410898372409,10413.0,100.0,31,2131,9.160199290677467,0.0,0.0011184226432915812,8120472.0
1.0567402305481026,0.5,9000.0,0.9999946548676982,0.1343828553653008,10528.0,100.0,32,2132,9.17183741688912,0.0,0.0011035070294879072,8244409.0
1.0654109816232282,0.5,9000.0,0.9999946124676723,0.13446744557297305,10442.0,100.0,33,2133,9.16393420343769,0.0,0.0011127439008390063,8204896.0
1.0651774426489624,0.5,9000.0,0.999994596645109,0.1344848845283258,10448.0,100.0,34,2134,9.163828625642227,0.0,0.001112017052998202,8202268.0
1.0619450450378063,0.5,9000.0,0.9999945939382053,0.13572397508664918,10484.0,100.0,35,2135,9.167382198443867,0.0,0.0011101601101087821,8207943.0
1.0455365933699075,0.5,9000.0,0.9999946666042939,0.13536654126283607,10651.0,100.0,36,2136,9.18292279024164,0.0,0.0010920500883716468,8373851.0
1.0717350789266875,0.5,9000.0,0.9999945266381816,0.1356268214287802,10392.0,100.0,37,2137,9.158115699523941,0.0,0.001119682085485666,8192140.0
1.061448048894744,0.5,9000.0,0.9999945824229906,0.13531535657019214,10492.0,100.0,38,2138,9.16786437854093,0.0,0.0011084989990037151,8321751.0
1.0558035158766306,0.5,9000.0,0.9999945891888157,0.13650846405180153,10553.0,100.0,39,2139,9.173350801536445,0.0,0.0011039446983688854,8241207.0
1.0594394593421828,0.5,9000.0,0.9999946556233097,0.1340343644763144,10498.0,100.0,40,2140,9.169309068198896,0.0,0.0011061778376247771,8317264.0
1.0724517675227663,0.5,9000.0,0.9999945371479222,0.13545071704673897,10382.0,100.0,41,2141,9.157579720350524,0.0,0.0011205557884689744,8138114.0
1.0622804575485754,0.5,9000.0,0.9999946181457583,0.13492648439985216,10475.0,100.0,42,2142,9.166957762131885,0.0,0.0011099464402317323,8285873.0
1.054744633261556,0.5,9000.0,0.9999946511201708,0.13538905418286493,10551.0,100.0,43,2143,9.173988481167465,0.0,0.001102704328655567,8263981.0
1.070951999812096,0.5,9000.0,0.9999945889588725,0.1347202836474279,10387.0,100.0,44,2144,9.15872964276225,0.0,0.00111911469111435,8213635.0
1.0409276014448532,0.5,9000.0,0.9999947564477475,0.13387139159039424,10683.0,100.0,45,2145,9.186899183757848,0.0,0.0010868057037937738,8435438.0
1.0504238596230706,0.5,9000.0,0.9999946792723584,0.13519024430506787,10593.0,100.0,46,2146,9.17825388919283,0.0,0.0010980382671741025,8233678.0
1.0568460732274374,0.5,9000.0,0.9999946270284382,0.13517640386140628,10533.0,100.0,47,2147,9.171883709090265,0.0,0.0011041183591221086,8269571.0
1.0459783875301876,0.5,9000.0,0.9999946798017729,0.13560272852692462,10643.0,100.0,48,2148,9.182406956500973,0.0,0.0010934071162869465,8382561.0
1.064913281524909,0.5,9000.0,0.9999945686626369,0.1359961429181154,10457.0,100.0,49,2149,9.16471670073518,0.0,0.0011134077077992175,8189144.0
1.0611898455034914,0.5,9000.0,0.999994590792419,0.13624440317210426,10493.0,100.0,50,2150,9.168353247400272,0.0,0.001110039455076452,8261561.0
1.065003511543678,0.5,9000.0,0.9999945824494173,0.1354815473485115,10453.0,100.0,51,2151,9.16443377187757,0.0,0.0011130607323358627,8223330.0
1.0580373235221416,0.5,9000.0,0.9999946306444264,0.13502391496102725,10519.0,100.0,52,2152,9.170748412119783,0.0,0.0011054061786953445,8270863.0
1.0621893798648399,0.5,9000.0,0.9999945908207881,0.13549318095001556,10482.0,100.0,53,2153,9.167016147111877,0.0,0.0011099633414785284,8240937.0
1.0530502284333736,0.5,9000.0,0.9999946864904155,0.1341157699845491,10562.0,100.0,54,2154,9.175298700410611,0.0,0.0010996117550683825,8385241.0
1.0671605657390495,0.5,9000.0,0.9999945433309724,0.13563134863460422,10438.0,100.0,55,2155,9.162371078753859,0.0,0.0011146823986282106,8210432.0
1.0661313073951797,0.5,9000.0,0.9999945718620962,0.13542811779147784,10443.0,100.0,56,2156,9.163336149111158,0.0,0.001114009539054102,8172735.0
1.0584806749872184,0.5,9000.0,0.9999945858894416,0.13583853001471086,10524.0,100.0,57,2157,9.170778818833147,0.0,0.00110591644343826,8295731.0
1.0537189863554595,0.5,9000.0,0.99999465753206,0.1350558296616127,10561.0,100.0,58,2158,9.1749855735861,0.0,0.0011010967589791458,8327654.0
1.0660968981229537,0.5,9000.0,0.9999945689979688,0.135444959514672,10444.0,100.0,59,2159,9.163331124663786,0.0,0.0011139059683686983,8223936.0
1.0537599327655733,0.5,9000.0,0.9999946330785957,0.13572682538237368,10566.0,100.0,60,2160,9.175090385212842,0.0,0.001101525850251754,8368282.0
1.0698842381336535,0.5,9000.0,0.9999944898890263,0.13676492503664653,10420.0,100.0,61,2161,9.160118238679859,0.0,0.0011182608032617508,8209171.0
1.052158842437122,0.5,9000.0,0.9999946818084033,0.13449927955442345,10573.0,100.0,62,2162,9.176446377207183,0.0,0.001099034501518571,8375447.0
1.0567483184237796,0.5,9000.0,0.9999946544632639,0.13401963872832387,10528.0,100.0,63,2163,9.171688362782723,0.0,0.0011028934602687762,8342208.0
1.0479979756309943,0.5,9000.0,0.9999946805654676,0.13507208021121495,10620.0,100.0,64,2164,9.180521590381856,0.0,0.0010949539804471502,8358716.0
1.0741475347859584,0.5,9000.0,0.9999945639508262,0.1342515539830025,10358.0,100.0,65,2165,9.155441042987668,0.0,0.0011213775984334497,8212969.0
1.0554063055955387,0.5,9000.0,0.9999946225254787,0.13622213403923403,10550.0,100.0,66,2166,9.17391072447364,0.0,0.001104009350489183,8196876.0
1.0576064598416897,0.5,9000.0,0.9999946250901265,0.13493627331394487,10525.0,100.0,67,2167,9.171333199312759,0.0,0.0011045483526485008,8307529.0
1.0602871328654442,0.5,9000.0,0.9999946041625303,0.13502904195194018,10500.0,100.0,68,2168,9.168638179770928,0.0,0.001107290002699801,8248981.0
1.0570828087138273,0.5,9000.0,0.9999946196980826,0.13585966266445776,10532.0,100.0,69,2169,9.172040930725814,0.0,0.001105335678510002,8249750.0
1.0662971462736714,0.5,9000.0,0.9999946232512676,0.13442270408389587,10430.0,100.0,70,2170,9.1629798425976,0.0,0.0011140736092886058,8144061.0
1.0469579180112891,0.5,9000.0,0.9999947104157971,0.13444420968796333,10625.0,100.0,71,2171,9.18116337960015,0.0,0.0010935949417594825,8397383.0
1.047448099557398,0.5,9000.0,0.9999947080620063,0.13494556949465594,10620.0,100.0,72,2172,9.18107978530852,0.0,0.0010949321922163575,8313787.0
1.0630351710735617,0.5,9000.0,0.9999945804062754,0.13584517140669394,10475.0,100.0,73,2173,9.166376656490918,0.0,0.0011112388274619994,8227970.0
1.0556176643592978,0.5,9000.0,0.9999946614273674,0.13446412484756445,10539.0,100.0,74,2174,9.17297257017954,0.0,0.001102497594106928,8246930.0
1.0743296213151794,0.5,9000.0,0.9999945408673072,0.1353828049632304,10361.0,100.0,75,2175,9.155686850800707,0.0,0.0011228207750666398,8124330.0
1.0628292659213057,0.5,9000.0,0.9999945998187747,0.13529724033732907,10473.0,100.0,76,2176,9.166592645845387,0.0,0.0011106613162956646,8238578.0
1.068644147824182,0.5,9000.0,0.9999945841597903,0.13513025575583965,10413.0,100.0,77,2177,9.16104525055936,0.0,0.0011168931661655322,8121550.0
1.049581396909515,0.5,9000.0,0.9999946280033472,0.1362255782119808,10614.0,100.0,78,2178,9.17935061876247,0.0,0.0010971640852530209,8340714.0
1.068123585202315,0.5,9000.0,0.999994573325576,0.13503142035483312,10421.0,100.0,79,2179,9.16136000367194,0.0,0.0011157618533987358,8197231.0
1.0622491548768886,0.5,9000.0,0.9999945878317362,0.1352853843705113,10482.0,100.0,80,2180,9.166769318236614,0.0,0.0011095883650084405,8277717.0
1.0627322541517656,0.5,9000.0,0.9999946001113158,0.13500002882138942,10474.0,100.0,81,2181,9.16652336709974,0.0,0.0011100442800416343,8230619.0
1.0450244860073559,0.5,9000.0,0.999994670183249,0.1359952572561576,10656.0,100.0,82,2182,9.183545034791674,0.0,0.0010926131798050201,8343024.0
1.0684242714521537,0.5,9000.0,0.9999946182241207,0.13404621261661903,10408.0,100.0,83,2183,9.160939641218475,0.0,0.0011158243940509764,8211880.0
1.0630508342137288,0.5,9000.0,0.9999946252389006,0.13476405849866244,10465.0,100.0,84,2184,9.166019016513948,0.0,0.0011108206738323788,8257918.0
1.056161874711835,0.5,9000.0,0.9999946432199261,0.13488223405590244,10537.0,100.0,85,2185,9.17263681353665,0.0,0.0011032894366324961,8254368.0
1.0514227981474713,0.5,9000.0,0.999994647152232,0.13606109287286594,10589.0,100.0,86,2186,9.177381122078714,0.0,0.0010997281774234936,8306121.0
1.039698209803898,0.5,9000.0,0.9999947304573384,0.13432068013578471,10703.0,100.0,87,2187,9.188175055174103,0.0,0.0010852827788985619,8440122.0
1.0537915002471985,0.5,9000.0,0.999994640459894,0.13494330879245206,10564.0,100.0,88,2188,9.174913020868456,0.0,0.0011004541580447436,8302929.0
1.067607655315328,0.5,9000.0,0.9999945853149049,0.1349184780871081,10424.0,100.0,89,2189,9.161800981743763,0.0,0.0011153207019907313,8137297.0
1.0592153532708466,0.5,9000.0,0.9999946668297406,0.1339546131453464,10498.0,100.0,90,2190,9.169474721518776,0.0,0.0011061295561840168,8316523.0
1.0388824759814002,0.5,9000.0,0.9999947189251528,0.1346851044689494,10715.0,100.0,91,2191,9.188891617165833,0.0,0.0010845501886945328,8407753.0
1.0732488444565327,0.5,9000.0,0.999994590254037,0.13424552349614277,10362.0,100.0,92,2192,9.156436909637456,0.0,0.001121097868203612,8127320.0
1.0761134100606824,0.5,9000.0,0.9999945637220665,0.1346449922724905,10337.0,100.0,93,2193,9.153928537442228,0.0,0.0011244017081832004,8107279.0
1.054098867001768,0.5,9000.0,0.9999946340532424,0.13568281100631419,10562.0,100.0,94,2194,9.174898670493246,0.0,0.001101883682065286,8204549.0
1.065266306563474,0.5,9000.0,0.999994560157219,0.13628820635242828,10455.0,100.0,95,2195,9.16457411132279,0.0,0.00111405842154281,8217233.0
1.0620113246192264,0.5,9000.0,0.9999945724331939,0.1355922790018216,10488.0,100.0,96,2196,9.167160595438549,0.0,0.0011093346921676973,8255876.0
1.0538533243218138,0.5,9000.0,0.9999946732416558,0.13420735274948103,10556.0,100.0,97,2197,9.174569329677562,0.0,0.0011003153357466884,8421066.0
1.06534637874778,0.5,9000.0,0.9999946202846648,0.13446690463094754,10441.0,100.0,98,2198,9.16393420443697,0.0,0.0011129117688697847,8127813.0
1.0601827082221453,0.5,9000.0,0.9999946320728673,0.1347958572458226,10495.0,100.0,99,2199,9.168928403898901,0.0,0.0011076308633832517,8217581.0
1.0623413914808835,0.7,9000.0,0.9999924228876317,0.13566437242443588,10481.0,100.0,0,3100,9.167037030459827,0.0,0.0011103267160994094,8227466.0
1.0681321736835685,0.7,9000.0,0.9999923505311173,0.1363879858581408,10429.0,100.0,1,3101,9.161885344508812,0.0,0.0011169344665802707,8116310.0
1.0591113658964546,0.7,9000.0,0.9999924647102716,0.1353025162376709,10510.0,100.0,2,3102,9.169965569408108,0.0,0.0011067649395165218,8236965.0
1.053924930476993,0.7,9000.0,0.9999925061353758,0.13547104167233967,10561.0,100.0,3,3103,9.175009199575266,0.0,0.0011017214247407234,8304563.0
1.0579479206996234,0.7,9000.0,0.999992482842839,0.13514954216804778,10520.0,100.0,4,3104,9.171095644215773,0.0,0.0011054974047261222,8237998.0
1.0589859561556676,0.7,9000.0,0.9999924798281055,0.13479536517917057,10509.0,100.0,5,3105,9.170022580660092,0.0,0.001106082473973725,8248797.0
1.055906624610813,0.7,9000.0,0.9999924553925168,0.13589992601926165,10547.0,100.0,6,3106,9.173219604869164,0.0,0.0011037097655279176,8291168.0
1.0636664520754713,0.7,9000.0,0.9999924258533428,0.13569528959184243,10466.0,100.0,7,3107,9.165949873490156,0.0,0.0011120486252313502,8171422.0
1.0492707637822998,0.7,9000.0,0.9999924947456996,0.1359231026110661,10615.0,100.0,8,3108,9.17938164529279,0.0,0.0010966371027464406,8277977.0
1.0572535062542447,0.7,9000.0,0.9999924808899492,0.1355445513060118,10528.0,100.0,9,3109,9.171851204220134,0.0,0.0011052972175715056,8290175.0
1.0758575449497019,0.7,9000.0,0.9999923809352335,0.13525895706464455,10341.0,100.0,10,3110,9.154320301642585,0.0,0.0011249852406021198,8117198.0
1.0541433549405248,0.7,9000.0,0.9999925348096478,0.1341492953256349,10554.0,100.0,11,3111,9.174280256175017,0.0,0.0011003868500718223,8303139.0
1.0543834102325034,0.7,9000.0,0.999992530576412,0.13472737309044291,10552.0,100.0,12,3112,9.174423869128555,0.0,0.0011015584367338577,8259086.0
1.0594330505716274,0.7,9000.0,0.9999924612086128,0.13517520219901621,10507.0,100.0,13,3113,9.16956750751642,0.0,0.0011068543103148094,8186428.0
1.0557635494402766,0.7,9000.0,0.9999925157933369,0.1348970127721977,10539.0,100.0,14,3114,9.173133945427868,0.0,0.0011031799814167748,8304553.0
1.0575822434978288,0.7,9000.0,0.9999924452464191,0.13538072973857396,10530.0,100.0,15,3115,9.171309656257614,0.0,0.0011046241135012295,8330060.0
1.058326469406118,0.7,9000.0,0.9999925513619421,0.13336006638905232,10505.0,100.0,16,3116,9.170037138644753,0.0,0.0011044512982683154,8284586.0
1.0634191290471415,0.7,9000.0,0.9999924623464271,0.13444139896824348,10463.0,100.0,17,3117,9.165624957699587,0.0,0.0011104299540998907,8236045.0
1.0656613307752463,0.7,9000.0,0.9999924078495493,0.13520933594860784,10447.0,100.0,18,3118,9.1639117001211,0.0,0.0011132045005378443,8222907.0
1.040328029960156,0.7,9000.0,0.9999926152439653,0.13490412193387233,10697.0,100.0,19,3119,9.18769589624145,0.0,0.0010868392031393162,8388841.0
1.0719156193751633,0.7,9000.0,0.9999923311458129,0.13617412198795356,10391.0,100.0,20,3120,9.158086697626642,0.0,0.0011207093842931942,8169546.0
1.056188041072957,0.7,9000.0,0.9999924860760074,0.13517564358010917,10539.0,100.0,21,3121,9.172791544571153,0.0,0.001103494780799913,8325694.0
1.0616847078684997,0.7,9000.0,0.9999924370111795,0.13482809475393964,10486.0,100.0,22,3122,9.167272156289352,0.0,0.0011084341734954413,8237143.0
1.0559162281361643,0.7,9000.0,0.9999924862016017,0.13559619380448648,10542.0,100.0,23,3123,9.173139281255427,0.0,0.0011038963092134767,8302364.0
1.0526032943947405,0.7,9000.0,0.999992529687977,0.13467062815227285,10572.0,100.0,24,3124,9.175948705632887,0.0,0.0010993095107399032,8282092.0
1.0683647005275427,0.7,9000.0,0.9999923213820553,0.1363617019024207,10431.0,100.0,25,3125,9.161609785002868,0.0,0.0011165177944233017,8237511.0
1.0624693082721068,0.7,9000.0,0.999992464953973,0.13493312073905672,10473.0,100.0,26,3126,9.16672242642196,0.0,0.001110179647932992,8150433.0
1.0553549118092576,0.7,9000.0,0.9999924940161996,0.13481937308357791,10547.0,100.0,27,3127,9.173325466329407,0.0,0.0011020772670129325,8290834.0
1.0554176430400957,0.7,9000.0,0.9999924959184743,0.13499749871851058,10546.0,100.0,28,3128,9.173307205150945,0.0,0.0011024977847897098,8300673.0
1.048586159039739,0.7,9000.0,0.9999925178303847,0.13600788283459705,10619.0,100.0,29,3129,9.180168814703922,0.0,0.001096463879576644,8324372.0
1.0584968593008584,0.7,9000.0,0.9999924950570059,0.13503638138950372,10512.0,100.0,30,3130,9.170570991459767,0.0,0.001106243057611501,8248091.0
1.0537556260355483,0.7,9000.0,0.9999924803495127,0.13601539751991526,10567.0,100.0,31,3131,9.175338811969528,0.0,0.0011018684610306399,8245349.0
1.063623484103475,0.7,9000.0,0.999992396921219,0.13583079949503943,10471.0,100.0,32,3132,9.165893603494057,0.0,0.0011115844513227306,8152895.0
1.0531282530025237,0.7,9000.0,0.9999925117333078,0.13510811605291448,10569.0,100.0,33,3133,9.175532234716465,0.0,0.0011002778352443327,8236282.0
1.059419835060479,0.7,9000.0,0.9999924494535937,0.13521299573237958,10509.0,100.0,34,3134,9.169600798519127,0.0,0.0011066387725827854,8268773.0
1.0585881671381545,0.7,9000.0,0.9999925013377876,0.13456356642320175,10510.0,100.0,35,3135,9.170263709276568,0.0,0.0011056820548415777,8243272.0
1.0619194765957467,0.7,9000.0,0.9999924396814055,0.13592697428007047,10483.0,100.0,36,3136,9.167528638697,0.0,0.0011106526111158898,8165466.0
1.057272806656449,0.7,9000.0,0.9999924858554197,0.1348827818106756,10527.0,100.0,37,3137,9.171648972478444,0.0,0.001104290925624862,8275199.0
1.0644807847637072,0.7,9000.0,0.9999924072129447,0.1351165077402683,10460.0,100.0,38,3138,9.164749476788051,0.0,0.0011116345843963664,8282976.0
1.046835411784744,0.7,9000.0,0.9999925535937101,0.13489957202855515,10633.0,100.0,39,3139,9.181384735659327,0.0,0.0010932902116183535,8385881.0
1.048124977863508,0.7,9000.0,0.9999925687461927,0.1343802813788754,10616.0,100.0,40,3140,9.179908794473373,0.0,0.0010943063670744977,8306142.0
1.0316268381592844,0.7,9000.0,0.999992654301251,0.13536634965661065,10791.0,100.0,41,3141,9.196171128586311,0.0,0.0010780115929650256,8428509.0
1.0490297765625978,0.7,9000.0,0.9999925489150481,0.1347729197487365,10609.0,100.0,42,3142,9.17935744573191,0.0,0.00109561318950054,8355917.0
1.0565937566743198,0.7,9000.0,0.9999924765870716,0.13527541687896205,10536.0,100.0,43,3143,9.172376354486683,0.0,0.001103945198578679,8246007.0
1.0718605297724992,0.7,9000.0,0.9999923414867766,0.1365598752051331,10390.0,100.0,44,3144,9.158456761991543,0.0,0.0011215385316601103,8153319.0
1.0785882913291767,0.7,9000.0,0.9999923078070071,0.13577747426928208,10323.0,100.0,45,3145,9.151911982733353,0.0,0.0011275451620720658,8107970.0
1.068484029297423,0.7,9000.0,0.9999923194628803,0.13636922652800565,10430.0,100.0,46,3146,9.161319183509356,0.0,0.0011166428504007348,8185050.0
1.0703840861784637,0.7,9000.0,0.9999923735893036,0.13577950322082263,10401.0,100.0,47,3147,9.159456635044315,0.0,0.0011191180042197481,8126491.0
1.0572581026162888,0.7,9000.0,0.9999924868848036,0.1349204589941894,10527.0,100.0,48,3148,9.171538191323693,0.0,0.0011043834490685625,8242300.0
1.088736811398765,0.7,9000.0,0.9999922473098163,0.13560573933715145,10225.0,100.0,49,3149,9.142392538516148,0.0,0.00113810212830651,8025680.0
1.0633091666963765,0.7,9000.0,0.9999924572574891,0.13496175105295644,10465.0,100.0,50,3150,9.165960052125596,0.0,0.0011110623795169722,8187000.0
1.0654832806314354,0.7,9000.0,0.9999924010767467,0.13539062699695562,10450.0,100.0,51,3151,9.164065957095131,0.0,0.0011131644322105168,8274431.0
1.0627968918397597,0.7,9000.0,0.9999923973728749,0.1360230502503248,10480.0,100.0,52,3152,9.166666199109411,0.0,0.0011109329464560477,8256868.0
1.0539830580519638,0.7,9000.0,0.9999925334640124,0.13423246032702132,10556.0,100.0,53,3153,9.174515315460967,0.0,0.0011003008634066043,8274005.0
1.057888148817719,0.7,9000.0,0.9999924175179112,0.13631977791176905,10531.0,100.0,54,3154,9.171334692111863,0.0,0.001105978297978267,8250467.0
1.04936325766788,0.7,9000.0,0.9999925006986767,0.1363626113317338,10613.0,100.0,55,3155,9.179300903107,0.0,0.0010976389571421457,8353173.0
1.0584110647640808,0.7,9000.0,0.999992507399091,0.13455494222194836,10511.0,100.0,56,3156,9.170459026947738,0.0,0.0011055986131563956,8238288.0
1.0529693593096678,0.7,9000.0,0.9999924665008578,0.1360142823398149,10578.0,100.0,57,3157,9.17601131356922,0.0,0.0011006175210335578,8323343.0
1.046540775730011,0.7,9000.0,0.9999925494619484,0.13537542578878545,10637.0,100.0,58,3158,9.181869697867345,0.0,0.0010936428918234408,8328273.0
1.050541894464368,0.7,9000.0,0.9999925552058475,0.1346603125683571,10591.0,100.0,59,3159,9.177936955008471,0.0,0.0010973711524748123,8331434.0
1.055387595622814,0.7,9000.0,0.9999925169108383,0.13506923353018974,10543.0,100.0,60,3160,9.173521531535735,0.0,0.0011030396025923236,8290879.0
1.0580383060301661,0.7,9000.0,0.999992476515244,0.1345604143498538,10520.0,100.0,61,3161,9.17084309300784,0.0,0.001104464540794529,8323989.0
1.0552083403111687,0.7,9000.0,0.9999925042772103,0.13478946362257924,10547.0,100.0,62,3162,9.173547124682962,0.0,0.0011020767571077621,8320107.0
1.065377296281148,0.7,9000.0,0.99999239567749,0.1352831969776639,10452.0,100.0,63,3163,9.164104121433386,0.0,0.0011127190832766036,8196716.0
1.0636854960781423,0.7,9000.0,0.9999924181296538,0.13587231810593933,10467.0,100.0,64,3164,9.165948683678376,0.0,0.0011122010176492047,8230328.0
1.053882407970937,0.7,9000.0,0.9999924464054247,0.1361448352653355,10571.0,100.0,65,3165,9.175137691877655,0.0,0.001101490927503177,8263055.0
1.071238807567284,0.7,9000.0,0.999992417451936,0.13467592285461355,10385.0,100.0,66,3166,9.158350885591517,0.0,0.0011192285827213747,8166256.0
1.0583346628330372,0.7,9000.0,0.9999924557682288,0.13522278430774146,10520.0,100.0,67,3167,9.170508926737947,0.0,0.001105500686041596,8246122.0
1.0649264977444461,0.7,9000.0,0.9999924400554053,0.13587127568490037,10450.0,100.0,68,3168,9.164768332631107,0.0,0.0011141909537268158,8111136.0
1.0574853695851785,0.7,9000.0,0.9999924836114169,0.1348918477668235,10525.0,100.0,69,3169,9.17139906659992,0.0,0.0011045257359398864,8314301.0
1.046934937628747,0.7,9000.0,0.9999925466262235,0.1346164532459178,10633.0,100.0,70,3170,9.181118757781338,0.0,0.0010927803400840794,8348379.0
1.077653500379474,0.7,9000.0,0.9999923207345202,0.13520435581723303,10331.0,100.0,71,3171,9.152364193230152,0.0,0.00112571979251952,8133755.0
1.0440875474586022,0.7,9000.0,0.9999925176570258,0.13629050057161843,10670.0,100.0,72,3172,9.18445304607843,0.0,0.001091519951401396,8403977.0
1.0637707337884428,0.7,9000.0,0.999992437731663,0.1351011477970097,10463.0,100.0,73,3173,9.165328719763,0.0,0.0011114259226385678,8196343.0
1.0686469066405035,0.7,9000.0,0.9999923724749403,0.13640242628848567,10420.0,100.0,74,3174,9.161191531736858,0.0,0.0011180949286097423,8172100.0
1.0506344241027687,0.7,9000.0,0.9999925113026812,0.13542001275612695,10597.0,100.0,75,3175,9.17812527385381,0.0,0.0010977899692413851,8360265.0
1.0518674700190864,0.7,9000.0,0.9999925248765877,0.1351740059022486,10581.0,100.0,76,3176,9.1767143837729,0.0,0.0010991735146969161,8282034.0
1.0717125285657791,0.7,9000.0,0.9999923453635845,0.13606135533291597,10391.0,100.0,77,3177,9.158363308586603,0.0,0.0011205778365090064,8074210.0
1.062749109434224,0.7,9000.0,0.9999924198455179,0.13590958203047165,10477.0,100.0,78,3178,9.166725948244002,0.0,0.0011111843472476554,8141844.0
1.055288358276993,0.7,9000.0,0.9999924860912006,0.13589225856377657,10549.0,100.0,79,3179,9.173939900773323,0.0,0.0011036326100073584,8190299.0
1.0778425832613237,0.7,9000.0,0.9999923731531235,0.1340550850098717,10321.0,100.0,80,3180,9.15202361261642,0.0,0.0011251128405675007,8146956.0
1.0639855559633158,0.7,9000.0,0.9999924035138636,0.1352239724754293,10466.0,100.0,81,3181,9.165400363189486,0.0,0.0011111293647958606,8191274.0
1.0590384639916623,0.7,9000.0,0.9999924001722644,0.13631708009089183,10521.0,100.0,82,3182,9.170172251594014,0.0,0.0011069638787956056,8296207.0
1.045795402524956,0.7,9000.0,0.9999925830866422,0.13499550697442558,10640.0,100.0,83,3183,9.182555539528735,0.0,0.001092844458759453,8371474.0
1.06085206251954,0.7,9000.0,0.9999924825710677,0.13517564349041014,10488.0,100.0,84,3184,9.168429992455872,0.0,0.001109024753005237,8266351.0
1.089021179400985,0.7,9000.0,0.9999922407965108,0.1351771479833465,10223.0,100.0,85,3185,9.142236742348059,0.0,0.0011375371819991942,8108352.0
1.0543392317511493,0.7,9000.0,0.9999924457632009,0.13600765977525053,10566.0,100.0,86,3186,9.174647242368172,0.0,0.0011017947981184783,8276616.0
1.0644003072535968,0.7,9000.0,0.9999923936571649,0.1359740251792833,10463.0,100.0,87,3187,9.165226824995864,0.0,0.001112682391883143,8177833.0
1.0791211278341406,0.7,9000.0,0.9999923296808017,0.13504476754037634,10314.0,100.0,88,3188,9.151273020727814,0.0,0.001127389416330789,8155578.0
1.0622929680109015,0.7,9000.0,0.9999923880626471,0.13627957468091115,10487.0,100.0,89,3189,9.167217119194142,0.0,0.0011105553477059804,8224576.0
1.0605862330003049,0.7,9000.0,0.9999924757334632,0.13496601521109935,10492.0,100.0,90,3190,9.16842816819682,0.0,0.001108216002641131,8200702.0
1.0597994559182975,0.7,9000.0,0.9999923848658759,0.1369454203998932,10515.0,100.0,91,3191,9.169801162495622,0.0,0.0011086177214668796,8214044.0
1.0547027413044425,0.7,9000.0,0.9999924265863147,0.13602772024118964,10565.0,100.0,92,3192,9.174315031230849,0.0,0.0011018226868663055,8315213.0
1.0567659510001808,0.7,9000.0,0.9999925719150923,0.13313640446235805,10519.0,100.0,93,3193,9.1715734908622,0.0,0.001102658373845127,8367363.0
1.0501804884610424,0.7,9000.0,0.9999925181545073,0.1355767987799343,10601.0,100.0,94,3194,9.178438956972435,0.0,0.0010976569378989929,8288637.0
1.0641151962268693,0.7,9000.0,0.9999924392057065,0.13506492300532108,10459.0,100.0,95,3195,9.165170612510845,0.0,0.0011118068219647202,8183628.0
1.0504639454282862,0.7,9000.0,0.9999925170038965,0.13541207816479017,10598.0,100.0,96,3196,9.178114203458247,0.0,0.0010977035572501872,8310153.0
1.0496213041170033,0.7,9000.0,0.9999925137246186,0.13536688499998664,10608.0,100.0,97,3197,9.17895551943883,0.0,0.0010965367020971078,8256480.0
1.068602110696122,0.7,9000.0,0.9999924207748103,0.13498083833010302,10413.0,100.0,98,3198,9.161036282905075,0.0,0.001116655263789159,8164282.0
1.0598369310099642,0.7,9000.0,0.9999924519635477,0.13510187990194011,10504.0,100.0,99,3199,9.169143602792525,0.0,0.0011070034659636872,8260643.0
1.065125257378312,0.9,9000.0,0.9999902539501453,0.13601307884999236,10451.0,100.0,0,4100,9.164583562416487,0.0,0.001114215810613869,8175057.0
1.0700432766049743,0.9,9000.0,0.9999902169820214,0.13503134381962498,10402.0,100.0,1,4101,9.159663313062225,0.0,0.0011178012554369028,8161314.0
1.0455418030082686,0.9,9000.0,0.9999904470708064,0.13460853424252156,10645.0,100.0,2,4102,9.18249428040856,0.0,0.0010916182129441497,8305849.0
1.0649293414256724,0.9,9000.0,0.9999902468692802,0.1352517567300994,10454.0,100.0,3,4103,9.164522646128034,0.0,0.0011125423148272962,8173026.0
1.0881330620121044,0.9,9000.0,0.9999900006031932,0.13584905696737326,10235.0,100.0,4,4104,9.14307398961798,0.0,0.0011372603273969897,8026294.0
1.0547587203773898,0.9,9000.0,0.9999903626844839,0.1359263245469258,10552.0,100.0,5,4105,9.174609713763264,0.0,0.0011034572684554805,8260830.0
1.0605703738142747,0.9,9000.0,0.9999902049097097,0.1368339174262028,10507.0,100.0,6,4106,9.169096890966486,0.0,0.0011092852811988374,8206892.0
1.06165738537795,0.9,9000.0,0.9999902377176129,0.13592977357861322,10491.0,100.0,7,4107,9.167759727391072,0.0,0.0011096191043420821,8240728.0
1.0763012775512109,0.9,9000.0,0.999990180967581,0.13554550502162066,10339.0,100.0,8,4108,9.1539645742478,0.0,0.0011256087671464652,8089649.0
1.0646484402388334,0.9,9000.0,0.9999903051093304,0.13460016679916703,10450.0,100.0,9,4109,9.164434021734374,0.0,0.0011121068852268919,8219205.0
1.0577318486035918,0.9,9000.0,0.9999903545423874,0.1350667145234024,10520.0,100.0,10,4110,9.171113735085745,0.0,0.0011054511918653837,8223899.0
1.0603913667364742,0.9,9000.0,0.9999903516702755,0.13458380134449727,10491.0,100.0,11,4111,9.168526142412258,0.0,0.0011077727561410484,8233767.0
1.070272047791934,0.9,9000.0,0.9999901714422348,0.13645653934488292,10405.0,100.0,12,4112,9.159870192585762,0.0,0.001119753521627802,8144001.0
1.0549164790667618,0.9,9000.0,0.9999903080855114,0.13580549058348546,10557.0,100.0,13,4113,9.174014467676656,0.0,0.001102508356778945,8376157.0
1.0599375726284697,0.9,9000.0,0.9999902944920741,0.13498823987626216,10503.0,100.0,14,4114,9.16895502553544,0.0,0.0011069265746187352,8297369.0
1.065383421419872,0.9,9000.0,0.9999901401607457,0.13639028527660282,10462.0,100.0,15,4115,9.164211953791343,0.0,0.0011131959278059614,8217201.0
1.0561365299528844,0.9,9000.0,0.9999903600977749,0.13500173153086895,10537.0,100.0,16,4116,9.172712664821423,0.0,0.0011035060110543653,8275166.0
1.0546396783510368,0.9,9000.0,0.9999903491551013,0.13595812517464678,10555.0,100.0,17,4117,9.174399130506506,0.0,0.0011031502680238531,8276061.0
1.0845030188430396,0.9,9000.0,0.9999900617851383,0.13539740475101802,10266.0,100.0,18,4118,9.146295665265686,0.0,0.0011331449206453187,8028859.0
1.0597103652712858,0.9,9000.0,0.9999902823179299,0.13533369630808503,10507.0,100.0,19,4119,9.169376131823258,0.0,0.001107026745608087,8301687.0
1.0457459527446713,0.9,9000.0,0.9999903889989339,0.136124022491246,10650.0,100.0,20,4120,9.182899919734963,0.0,0.0010933973851685503,8343809.0
1.071475759920634,0.9,9000.0,0.9999901379859375,0.13594362628740697,10396.0,100.0,21,4121,9.158369715353881,0.0,0.0011197402463571729,8140459.0
1.0468432975293984,0.9,9000.0,0.9999904014731958,0.13619124596958163,10636.0,100.0,22,4122,9.18200234610335,0.0,0.001095054773224325,8298862.0
1.0659245914524869,0.9,9000.0,0.9999902562333467,0.13503090640480608,10442.0,100.0,23,4123,9.163477789133571,0.0,0.0011135371440045715,8228927.0
1.0410049762378053,0.9,9000.0,0.9999905310080419,0.13417215532691248,10686.0,100.0,24,4124,9.186768091001165,0.0,0.0010868827742375458,8362534.0
1.0566594102792077,0.9,9000.0,0.9999903860569505,0.1347455568601702,10528.0,100.0,25,4125,9.17224101268793,0.0,0.0011041367005381194,8234930.0
1.0575732658871095,0.9,9000.0,0.9999903932220161,0.1339585150698278,10517.0,100.0,26,4126,9.171299540786093,0.0,0.0011040180383888498,8222907.0
1.0634542668144094,0.9,9000.0,0.9999902973578287,0.13460732313686394,10464.0,100.0,27,4127,9.165721334451487,0.0,0.0011105416561011322,8216622.0
1.079326263320221,0.9,9000.0,0.9999901366332857,0.13478931560896157,10312.0,100.0,28,4128,9.150937118406937,0.0,0.0011271564957783444,8172868.0
1.0588743699185637,0.9,9000.0,0.9999902354427759,0.13683503043734255,10522.0,100.0,29,4129,9.170653352407388,0.0,0.0011077767519820007,8156771.0
1.0608055493114406,0.9,9000.0,0.9999902163666498,0.13671737743083948,10503.0,100.0,30,4130,9.168833768089803,0.0,0.0011095678090807088,8166672.0
1.056305043639544,0.9,9000.0,0.9999903530375843,0.1342806651823347,10536.0,100.0,31,4131,9.172387741541826,0.0,0.0011023577467394047,8355273.0
1.0659718720411564,0.9,9000.0,0.9999901777474514,0.1363067895933463,10451.0,100.0,32,4132,9.163836542595904,0.0,0.001114415956363146,8215900.0
1.0480260495913167,0.9,9000.0,0.9999904304925716,0.1349989584420116,10619.0,100.0,33,4133,9.18035421485594,0.0,0.0010949624292717554,8280737.0
1.0621435550016234,0.9,9000.0,0.9999902430540705,0.1359712225865553,10485.0,100.0,34,4134,9.167392826185642,0.0,0.0011103631008335362,8183130.0
1.0569473367353703,0.9,9000.0,0.9999903357862373,0.13522337313549548,10531.0,100.0,35,4135,9.171955991954215,0.0,0.001104438381761601,8242486.0
1.0542136565036793,0.9,9000.0,0.9999904683683684,0.13398198763046276,10545.0,100.0,36,4136,9.174272461315992,0.0,0.0011013412003476391,8315803.0
1.0761469270133817,0.9,9000.0,0.99999010233657,0.1356031304078219,10350.0,100.0,37,4137,9.154061037522588,0.0,0.0011241529014014153,8161174.0
1.0657684509588619,0.9,9000.0,0.999990278543056,0.13486870639310025,10441.0,100.0,38,4138,9.16368130243631,0.0,0.0011134516997556292,8204063.0
1.0627274766726993,0.9,9000.0,0.9999902888567082,0.13482867144762659,10473.0,100.0,39,4139,9.166465562441523,0.0,0.0011098980790058904,8250977.0
1.0564467199463639,0.9,9000.0,0.9999902916635854,0.13545570400150794,10542.0,100.0,40,4140,9.172445922717973,0.0,0.001103466310590083,8296078.0
1.044392761642013,0.9,9000.0,0.9999904552849657,0.1352921177110833,10657.0,100.0,41,4141,9.183865170103106,0.0,0.0010915194250913727,8355870.0
1.0675850212043876,0.9,9000.0,0.999990214227826,0.1351988605118001,10429.0,100.0,42,4142,9.161852479609092,0.0,0.0011150940693742475,8176159.0
1.0531342667353645,0.9,9000.0,0.9999903716975502,0.13536008262041246,10569.0,100.0,43,4143,9.17566387275438,0.0,0.001100698483630312,8289108.0
1.062261401112783,0.9,9000.0,0.9999902897965679,0.13517162908376035,10478.0,100.0,44,4144,9.167000100511434,0.0,0.0011099458226738017,8234899.0
1.0535218612098114,0.9,9000.0,0.9999903771183276,0.13520700416806472,10564.0,100.0,45,4145,9.175115148401417,0.0,0.001101004970120918,8239821.0
1.0598559793208564,0.9,9000.0,0.9999903099962563,0.13530204044156002,10502.0,100.0,46,4146,9.169320639207049,0.0,0.0011076250519401463,8243633.0
1.040722776835833,0.9,9000.0,0.9999904697931082,0.13580381085008275,10697.0,100.0,47,4147,9.187575453074771,0.0,0.0010882120530443184,8373624.0
1.0581757829150171,0.9,9000.0,0.9999903552685471,0.13468015668284306,10515.0,100.0,48,4148,9.170647405173472,0.0,0.001105329584301552,8230409.0
1.0786694358722826,0.9,9000.0,0.9999901534522241,0.13509494832552213,10317.0,100.0,49,4149,9.151737217648058,0.0,0.0011271987356935907,8086954.0
1.0669922389224489,0.9,9000.0,0.9999902344940711,0.13536346733225027,10433.0,100.0,50,4150,9.16230409268425,0.0,0.0011150270608023868,8192270.0
1.079543898748785,0.9,9000.0,0.9999901255093648,0.134988370400927,10311.0,100.0,51,4151,9.150607043881992,0.0,0.0011275866915478451,8106020.0
1.0540178468519241,0.9,9000.0,0.9999903324753462,0.13569311186409028,10564.0,100.0,52,4152,9.174706063334956,0.0,0.0011016704546184038,8305186.0
1.0793342900651677,0.9,9000.0,0.999990118985355,0.1349626495671997,10314.0,100.0,53,4153,9.150750831019042,0.0,0.0011271739285969742,8133674.0
1.0472060786327047,0.9,9000.0,0.9999903767770478,0.1360836806170748,10635.0,100.0,54,4154,9.181511124526684,0.0,0.0010948853024081529,8289317.0
1.0576485125020956,0.9,9000.0,0.9999903783123519,0.134867104310283,10518.0,100.0,55,4155,9.171345549355783,0.0,0.0011054086631600095,8214733.0
1.0548927775606507,0.9,9000.0,0.9999903910558183,0.1352189535632056,10547.0,100.0,56,4156,9.174088833112705,0.0,0.001102918807462219,8244386.0
1.041254926849525,0.9,9000.0,0.999990390442767,0.13629471333321772,10701.0,100.0,57,4157,9.187385021232314,0.0,0.0010882923443341342,8360927.0
1.0763811327443449,0.9,9000.0,0.9999902159013574,0.13510942210332097,10334.0,100.0,58,4158,9.153710389719322,0.0,0.001125555211800711,8043669.0
1.063421497836378,0.9,9000.0,0.9999903249751058,0.13424485472927494,10461.0,100.0,59,4159,9.16552065471221,0.0,0.00111037746153425,8255682.0
1.0649180128410793,0.9,9000.0,0.9999902726039587,0.135006419927748,10451.0,100.0,60,4160,9.164413310003265,0.0,0.0011125636135724312,8235837.0
1.066446363550663,0.9,9000.0,0.9999902340411644,0.13463493373081456,10439.0,100.0,61,4161,9.162666444001873,0.0,0.0011131033387455284,8283382.0
1.061113201642367,0.9,9000.0,0.9999903194232596,0.1342489487196094,10487.0,100.0,62,4162,9.167710485221022,0.0,0.0011075034913986743,8249439.0
1.0484730350895708,0.9,9000.0,0.9999903583440486,0.13608857306185207,10623.0,100.0,63,4163,9.180150045909595,0.0,0.0010960979349953852,8371374.0
1.062641612076011,0.9,9000.0,0.9999902391808403,0.13559144776798615,10480.0,100.0,64,4164,9.166799716836062,0.0,0.0011102403052507294,8225039.0
1.0652085698133686,0.9,9000.0,0.9999902794267249,0.13462917363806776,10447.0,100.0,65,4165,9.163927279599099,0.0,0.001112386339653035,8258908.0
1.0772806828832568,0.9,9000.0,0.9999901349339215,0.13539914928295965,10334.0,100.0,66,4166,9.1529286762279,0.0,0.001125734837364341,8126534.0
1.0564661032683744,0.9,9000.0,0.9999903223273714,0.1349372344488963,10538.0,100.0,67,4167,9.172137960303921,0.0,0.0011031539340491715,8353005.0
1.0837801145530153,0.9,9000.0,0.9999901012392319,0.13428645863833688,10269.0,100.0,68,4168,9.146680491431638,0.0,0.0011310339534815635,8116736.0
1.055042028956449,0.9,9000.0,0.9999903776219047,0.13519632648863644,10547.0,100.0,69,4169,9.173668861075539,0.0,0.0011028376203849513,8310038.0
1.0447548866027854,0.9,9000.0,0.9999903356035366,0.13680868448703032,10668.0,100.0,70,4170,9.183909013898758,0.0,0.0010924385106796644,8343596.0
1.0731631814208589,0.9,9000.0,0.9999901864408369,0.13514638076166835,10372.0,100.0,71,4171,9.15669388997784,0.0,0.001121235973027371,8153987.0
1.0517411953699132,0.9,9000.0,0.9999903041390908,0.13575294296981155,10593.0,100.0,72,4172,9.176781515357245,0.0,0.001098535911308155,8324022.0
1.0621927505860378,0.9,9000.0,0.9999902631950911,0.13573119837096223,10482.0,100.0,73,4173,9.166920854758478,0.0,0.0011103783800367954,8226601.0
1.0602596916768343,0.9,9000.0,0.9999903717009312,0.13455566367214922,10490.0,100.0,74,4174,9.1687334398518,0.0,0.0011079037820553848,8266509.0
1.070670155976053,0.9,9000.0,0.9999902271568119,0.13458731998086473,10394.0,100.0,75,4175,9.158989839342448,0.0,0.0011179652221568698,8152226.0
1.049118870962998,0.9,9000.0,0.9999904360225383,0.1348782852659006,10606.0,100.0,76,4176,9.17931261991566,0.0,0.0010961733074793458,8363224.0
1.0655827472832986,0.9,9000.0,0.9999901962938221,0.1356736238729092,10453.0,100.0,77,4177,9.163872312408435,0.0,0.0011131832499939038,8252320.0
1.0723011999693604,0.9,9000.0,0.9999901387072138,0.13569523727364333,10387.0,100.0,78,4178,9.157598821602479,0.0,0.0011203199784747368,8247885.0
1.049583090660721,0.9,9000.0,0.9999903942387814,0.13532086108073546,10606.0,100.0,79,4179,9.179003027830879,0.0,0.0010967618775084846,8294205.0
1.0572723443403007,0.9,9000.0,0.999990371509851,0.13485358367648048,10523.0,100.0,80,4180,9.171678938126483,0.0,0.0011048188804690501,8319139.0
1.049024347647953,0.9,9000.0,0.9999903486199452,0.13649424412761207,10618.0,100.0,81,4181,9.179951785829358,0.0,0.0010972674639994778,8314574.0
1.0504954287616903,0.9,9000.0,0.999990384195951,0.13537941584999133,10597.0,100.0,82,4182,9.178223767941732,0.0,0.001097775165677302,8307836.0
1.057414765655288,0.9,9000.0,0.999990204531112,0.13688441503231874,10542.0,100.0,83,4183,9.171933713507938,0.0,0.00110556250204009,8266646.0
1.0683189451168702,0.9,9000.0,0.9999902061357189,0.13608370231338204,10422.0,100.0,84,4184,9.161494366574582,0.0,0.001117366934930399,8185281.0
1.0568136671380517,0.9,9000.0,0.9999902748363201,0.13637826679253925,10540.0,100.0,85,4185,9.172483417801441,0.0,0.001105184979289654,8248159.0
1.0613147192126178,0.9,9000.0,0.9999902358611001,0.13605899133599156,10495.0,100.0,86,4186,9.168088897887218,0.0,0.0011093935528634676,8263767.0
1.04527529890854,0.9,9000.0,0.9999904472359887,0.1350135006914234,10648.0,100.0,87,4187,9.182846436297693,0.0,0.0010919748003713184,8450053.0
1.0625420598426043,0.9,9000.0,0.9999902891367396,0.13544407462606362,10475.0,100.0,88,4188,9.166852477200882,0.0,0.0011107453482232046,8183172.0
1.0602050925464797,0.9,9000.0,0.99999027857304,0.1355870012542214,10502.0,100.0,89,4189,9.168913716521988,0.0,0.0011079869716033122,8276579.0
1.0695401338522432,0.9,9000.0,0.999990170862166,0.13522921983610897,10413.0,100.0,90,4190,9.159961088137448,0.0,0.001116755825008735,8229711.0
1.066541401265001,0.9,9000.0,0.9999902585382399,0.13485969814296692,10435.0,100.0,91,4191,9.163027729397053,0.0,0.0011140080900234638,8218986.0
1.0646674306494575,0.9,9000.0,0.9999901881625299,0.13649326488109428,10464.0,100.0,92,4192,9.165071638544909,0.0,0.0011133431664596147,8165133.0
1.0607390178784095,0.9,9000.0,0.999990230515132,0.1361341925813067,10502.0,100.0,93,4193,9.168689608543096,0.0,0.0011087235799623315,8241044.0
1.0599158996593463,0.9,9000.0,0.9999902882843058,0.13596594686525892,10504.0,100.0,94,4194,9.169494930011899,0.0,0.001108457534333784,8155665.0
1.0730990551235626,0.9,9000.0,0.9999901671198722,0.13531887286569377,10375.0,100.0,95,4195,9.157064023715742,0.0,0.0011211121908786855,8154413.0
1.0692472051194128,0.9,9000.0,0.9999902138334187,0.13519114603068508,10411.0,100.0,96,4196,9.160357901726224,0.0,0.0011170722803537812,8144046.0
1.069028331587077,0.9,9000.0,0.9999901754439741,0.13627407410391348,10418.0,100.0,97,4197,9.160915313236785,0.0,0.0011180168230929945,8148179.0
1.0563336506441297,0.9,9000.0,0.9999903504627068,0.13484787082875702,10536.0,100.0,98,4198,9.172469523078838,0.0,0.0011033118758946635,8282052.0
1.0533347967904017,0.9,9000.0,0.9999903939557373,0.1344827233952945,10564.0,100.0,99,4199,9.175427628211919,0.0,0.0010998362101817052,8214928.0
