HHI,average_first_publish_to_top10_days,decay_floor,diversity_factor,gini,n_genes_final,n_seasons_completed,run_idx,seed,shannon_diversity,top10_newcomer_rate,top10_share,total_battles
1.0612594065933654,9000.0,0.01,0.9999946418757192,0.13427163816195836,10481.0,100.0,0,400,9.167752403961808,0.0,0.0011083378187063282,8207857.0
1.053745474345258,9000.0,0.01,0.999994651724643,0.13472597330118705,10562.0,100.0,1,401,9.174712135707969,0.0,0.0011003914381642196,8353065.0
1.0524200417409917,9000.0,0.01,0.999994641923528,0.13562944043553823,10579.0,100.0,2,402,9.176424266556928,0.0,0.001100007836210169,8270760.0
1.0520845414898812,9000.0,0.01,0.9999946185218129,0.1363219242914561,10588.0,100.0,3,403,9.176978062176111,0.0,0.0011000619056434075,8337275.0
1.0442025751766202,9000.0,0.01,0.9999946936745818,0.13554985947029916,10660.0,100.0,4,404,9.184207924423394,0.0,0.0010916162247859155,8342534.0
1.0514798179889693,9000.0,0.01,0.9999946755390149,0.13440537051175444,10582.0,100.0,5,405,9.176793452146134,0.0,0.0010978725805705298,8368116.0
1.0511992447839313,9000.0,0.01,0.9999946940350298,0.13451395009024233,10581.0,100.0,6,406,9.177338465416753,0.0,0.001098280883835754,8286177.0
1.080213887164833,9000.0,0.01,0.9999945041851837,0.1347680808989934,10306.0,100.0,7,407,9.149962393373734,0.0,0.0011276960909802469,8088910.0
1.0505703068772423,9000.0,0.01,0.9999946853218398,0.1342758051349013,10590.0,100.0,8,408,9.177711291209087,0.0,0.0010968581200197407,8334369.0
1.0757591158836322,9000.0,0.01,0.9999945160110087,0.13579063045804635,10351.0,100.0,9,409,9.154523622164454,0.0,0.0011244619590424132,8154130.0
1.060083024055339,9000.0,0.01,0.9999946234418361,0.13497528002620887,10498.0,100.0,10,410,9.169007633853353,0.0,0.0011075520868013549,8220304.0
1.0598546975023257,9000.0,0.01,0.9999946303224614,0.1352116949437621,10499.0,100.0,11,411,9.169264608660324,0.0,0.0011078935653477554,8232324.0
1.0529727962136615,9000.0,0.01,0.9999946276910407,0.13622756345884868,10576.0,100.0,12,412,9.176166285064559,0.0,0.0011012498666531864,8194890.0
1.056095270178746,9000.0,0.01,0.9999945970608292,0.1363069023424819,10548.0,100.0,13,413,9.17301927147758,0.0,0.0011042075901062784,8285042.0
1.0473997965031943,9000.0,0.01,0.9999946396460206,0.13596582008879846,10636.0,100.0,14,414,9.181282055778361,0.0,0.0010944681776069698,8419419.0
1.0685445718959654,9000.0,0.01,0.999994584527871,0.13461799718270653,10414.0,100.0,15,415,9.160860384867798,0.0,0.0011159052099832542,8203272.0
1.0602879502543778,9000.0,0.01,0.9999946131944949,0.13535541648197064,10498.0,100.0,16,416,9.16894850766786,0.0,0.0011081224783387887,8227265.0
1.0580177202930594,9000.0,0.01,0.9999945954986889,0.13603135658806917,10527.0,100.0,17,417,9.171319631358847,0.0,0.0011059833285451729,8270715.0
1.0668395372446757,9000.0,0.01,0.9999945456191844,0.13596687492168638,10441.0,100.0,18,418,9.162759178661812,0.0,0.0011149619353476225,8206313.0
1.0695461590217652,9000.0,0.01,0.9999945436667599,0.13571151809656132,10412.0,100.0,19,419,9.160362293796974,0.0,0.0011176992423299367,8134736.0
1.0546662313232107,9000.0,0.01,0.9999946685199301,0.13448319699812977,10548.0,100.0,20,420,9.17400837687604,0.0,0.0011016029312883942,8287465.0
1.0492860486237214,9000.0,0.01,0.9999947272577379,0.1339825722970346,10595.0,100.0,21,421,9.17907618364657,0.0,0.001096123437235707,8313613.0
1.0634870622175114,9000.0,0.01,0.9999946216960635,0.1350339080763219,10461.0,100.0,22,422,9.165873565928141,0.0,0.0011116881644753233,8160265.0
1.062117257262217,9000.0,0.01,0.9999945807777502,0.13575762686194565,10485.0,100.0,23,423,9.16725216856155,0.0,0.0011100067748667892,8235747.0
1.0792740284493134,9000.0,0.01,0.9999944900570263,0.1355620812501412,10319.0,100.0,24,424,9.151055019309771,0.0,0.0011275019277436134,8098865.0
1.0649526538485794,9000.0,0.01,0.9999945987258059,0.13490726848686863,10450.0,100.0,25,425,9.164386067011128,0.0,0.0011125272839104204,8169604.0
1.0663134532788339,9000.0,0.01,0.9999945581691153,0.13566865879152112,10444.0,100.0,26,426,9.16345649955397,0.0,0.0011141870127836402,8226650.0
1.0475489669634335,9000.0,0.01,0.9999946852902871,0.13528616409202107,10624.0,100.0,27,427,9.180949569729615,0.0,0.0010949234789388936,8324167.0
1.0612274592042439,9000.0,0.01,0.9999945889115447,0.13581329861319022,10493.0,100.0,28,428,9.16800730165721,0.0,0.0011092969601482776,8225576.0
1.0630718804781996,9000.0,0.01,0.9999946196209721,0.13465241149505705,10466.0,100.0,29,429,9.166103543476025,0.0,0.0011104742240722312,8201837.0
1.0530161821557094,9000.0,0.01,0.9999946210513492,0.13585898197679724,10577.0,100.0,30,430,9.17597112179668,0.0,0.0011004730675547995,8321004.0
1.0548322813687636,9000.0,0.01,0.9999945794558013,0.13643313665404086,10566.0,100.0,31,431,9.174247016207737,0.0,0.0011023367182680746,8347801.0
1.0677377133029635,9000.0,0.01,0.9999945374296599,0.13623612068123156,10433.0,100.0,32,432,9.162162452995679,0.0,0.001116246865692551,8169491.0
1.0525205163508033,9000.0,0.01,0.9999946547783168,0.13513299656762848,10575.0,100.0,33,433,9.17616900604441,0.0,0.0010996966408980012,8313261.0
1.0695513224803495,9000.0,0.01,0.999994552635432,0.1358589531843699,10410.0,100.0,34,434,9.160230210158263,0.0,0.0011182682331887836,8202433.0
1.0746363632481184,9000.0,0.01,0.9999945441681308,0.1353907229511375,10357.0,100.0,35,435,9.155478946445923,0.0,0.001123303003062619,8088431.0
1.06460812268879,9000.0,0.01,0.9999945884954925,0.13488706977615111,10456.0,100.0,36,436,9.164605078793295,0.0,0.0011117598071350796,8181680.0
1.0685605399799645,9000.0,0.01,0.9999945883406066,0.13450564086505495,10413.0,100.0,37,437,9.160808472188602,0.0,0.0011158578973183436,8192841.0
1.073418478837988,9000.0,0.01,0.9999945213040687,0.13641471820378415,10375.0,100.0,38,438,9.156742416107722,0.0,0.0011229156327853182,8088654.0
1.0383791606809212,9000.0,0.01,0.9999947049280722,0.13573224687578464,10724.0,100.0,39,439,9.189874109215337,0.0,0.0010852459164417728,8356802.0
1.0636703087946047,9000.0,0.01,0.9999946033956806,0.13483418381517442,10463.0,100.0,40,440,9.165351251466799,0.0,0.0011110075379549055,8294925.0
1.0789909198899934,9000.0,0.01,0.9999945183062087,0.13533562086941517,10316.0,100.0,41,441,9.151417107289355,0.0,0.0011276443026666447,8125775.0
1.05780317740744,9000.0,0.01,0.999994574661677,0.13625423929267894,10534.0,100.0,42,442,9.171221825368487,0.0,0.0011054739143935388,8291994.0
1.0573385640922264,9000.0,0.01,0.9999946927164894,0.13342972993001825,10513.0,100.0,43,443,9.171167210744006,0.0,0.0011037858403158106,8286674.0
1.0560531834331703,9000.0,0.01,0.9999946351476104,0.13482403656266262,10540.0,100.0,44,444,9.172597554925503,0.0,0.0011028225334697714,8295478.0
1.0656560406821085,9000.0,0.01,0.9999945818761743,0.13572463395413897,10446.0,100.0,45,445,9.164022174449208,0.0,0.0011142548659481607,8169625.0
1.05176075072112,9000.0,0.01,0.9999946614909759,0.13439957168163238,10582.0,100.0,46,446,9.176590084354055,0.0,0.0010977561069299118,8335672.0
1.0630133875811068,9000.0,0.01,0.9999946225459121,0.13397086498917174,10466.0,100.0,47,447,9.165850180919847,0.0,0.0011093384146369455,8250266.0
1.0453764832646044,9000.0,0.01,0.9999946922486543,0.1349872129390048,10647.0,100.0,48,448,9.18293829680237,0.0,0.0010920310448083348,8397734.0
1.066271401122446,9000.0,0.01,0.9999945832045459,0.13501604207934284,10439.0,100.0,49,449,9.163145749395127,0.0,0.0011138043410040496,8217755.0
1.0472097494561732,9000.0,0.01,0.9999946801118046,0.13478774549932673,10629.0,100.0,50,450,9.181197494266462,0.0,0.0010935120082265957,8428526.0
1.0661904249935097,9000.0,0.01,0.9999945872537621,0.1353238618332916,10439.0,100.0,51,451,9.163375812533342,0.0,0.0011143686768537262,8181709.0
1.0552577223175645,9000.0,0.01,0.9999945940413117,0.13622374413440755,10558.0,100.0,52,452,9.173686833415756,0.0,0.001102964388701225,8367125.0
1.0494465303041236,9000.0,0.01,0.9999946880713823,0.13458979016654718,10602.0,100.0,53,453,9.178978110284218,0.0,0.0010961311320436353,8361155.0
1.0403972316218204,9000.0,0.01,0.9999947042346896,0.13498473262616695,10701.0,100.0,54,454,9.187633100078003,0.0,0.001086406062913639,8381320.0
1.0729595930039562,9000.0,0.01,0.9999945674894417,0.1348646272513871,10370.0,100.0,55,455,9.156958564594156,0.0,0.0011211014336839987,8087247.0
1.0546642173823924,9000.0,0.01,0.9999946731154313,0.13475309598597093,10547.0,100.0,56,456,9.174138336873845,0.0,0.001102204505589823,8270933.0
1.0540551661994606,9000.0,0.01,0.9999946496897034,0.1349036922878741,10559.0,100.0,57,457,9.174633314717212,0.0,0.001100998577934491,8247569.0
1.0483551727453448,9000.0,0.01,0.9999946671378834,0.13483422578168106,10619.0,100.0,58,458,9.179891347483682,0.0,0.001094569937976202,8378829.0
1.0658644410444928,9000.0,0.01,0.9999945531318358,0.13634129921895832,10450.0,100.0,59,459,9.163855711405018,0.0,0.001114654435848453,8179195.0
1.050922072234867,9000.0,0.01,0.999994636540923,0.1362903647240109,10597.0,100.0,60,460,9.178099023246967,0.0,0.0010991657353565916,8291821.0
1.0783171825791407,9000.0,0.01,0.9999944722483322,0.1364077417828069,10333.0,100.0,61,461,9.152365974350992,0.0,0.0011272637552736879,8088178.0
1.0639721465573408,9000.0,0.01,0.9999945609118307,0.13616636465660942,10469.0,100.0,62,462,9.165652521026942,0.0,0.0011123192340396642,8180008.0
1.0670295166147497,9000.0,0.01,0.9999946234304068,0.13356538466943377,10422.0,100.0,63,463,9.162031298229326,0.0,0.0011134946246263771,8258298.0
1.0594610899430632,9000.0,0.01,0.9999946046837979,0.1353579264201878,10509.0,100.0,64,464,9.169659161727823,0.0,0.0011068827841738769,8243527.0
1.0675366717183994,9000.0,0.01,0.9999945520771965,0.13600450149898077,10432.0,100.0,65,465,9.162181766266933,0.0,0.0011160620784194518,8193049.0
1.0683715715660718,9000.0,0.01,0.999994551717597,0.13585245454775527,10423.0,100.0,66,466,9.161577021624788,0.0,0.0011167923165643894,8195554.0
1.0562442693080403,9000.0,0.01,0.9999946345964539,0.13523491776707103,10538.0,100.0,67,467,9.172664612332287,0.0,0.0011037275706226072,8286461.0
1.0516635776862158,9000.0,0.01,0.999994630652845,0.13618824005940242,10590.0,100.0,68,468,9.177280587418299,0.0,0.0010997090904763006,8317659.0
1.055573370702895,9000.0,0.01,0.9999945917187096,0.13633983071972156,10555.0,100.0,69,469,9.1735420989793,0.0,0.0011034670906949554,8382139.0
1.0643736283934355,9000.0,0.01,0.9999945956480203,0.13538371400489674,10457.0,100.0,70,470,9.165119425429078,0.0,0.0011125451314384777,8217068.0
1.0598592199841304,9000.0,0.01,0.9999945757214387,0.13592356890685126,10511.0,100.0,71,471,9.16928060610955,0.0,0.001107425449314327,8295489.0
1.0570894849938515,9000.0,0.01,0.9999946013389446,0.13612855232618734,10536.0,100.0,72,472,9.172180417403576,0.0,0.0011052179508786106,8271074.0
1.0693722949554463,9000.0,0.01,0.999994575434674,0.13493411026783678,10407.0,100.0,73,473,9.160132937519467,0.0,0.0011171678055971824,8215860.0
1.0504198388647357,9000.0,0.01,0.9999946883876242,0.1342793944493896,10591.0,100.0,74,474,9.177948117510953,0.0,0.0010967799008591626,8361690.0
1.0568386256000144,9000.0,0.01,0.9999946093789883,0.13516762437468235,10537.0,100.0,75,475,9.172056438060105,0.0,0.001103535737077302,8279288.0
1.045724214567952,9000.0,0.01,0.9999947190135549,0.13410497769804558,10637.0,100.0,76,476,9.18229104612731,0.0,0.0010917987063297381,8359955.0
1.0708213860717608,9000.0,0.01,0.9999945029727596,0.13651567336212408,10407.0,100.0,77,477,9.159166334951562,0.0,0.0011193728414382823,8172818.0
1.0677842569473845,9000.0,0.01,0.9999946041114435,0.13455928909571271,10418.0,100.0,78,478,9.161617631061318,0.0,0.0011154972073864403,8175041.0
1.0555927846144486,9000.0,0.01,0.9999946356745641,0.13517584364165888,10545.0,100.0,79,479,9.173407979847187,0.0,0.0011028691805269261,8282405.0
1.0698918026090234,9000.0,0.01,0.9999946095525055,0.134418444296171,10394.0,100.0,80,480,9.159733676801658,0.0,0.0011179544173316436,8164642.0
1.0588865367349904,9000.0,0.01,0.99999457914285,0.1361113022445182,10521.0,100.0,81,481,9.170321113751942,0.0,0.0011066663301019769,8254051.0
1.0656830361321061,9000.0,0.01,0.9999946218049697,0.13426727195287178,10437.0,100.0,82,482,9.163409498889363,0.0,0.0011130330573366535,8125688.0
1.0659826861542223,9000.0,0.01,0.9999945701252578,0.13507732242865803,10445.0,100.0,83,483,9.163357629377437,0.0,0.0011131696443158997,8207853.0
1.0561060507689264,9000.0,0.01,0.9999946325039786,0.13498493110156018,10540.0,100.0,84,484,9.172640928533635,0.0,0.0011030630615633614,8270334.0
1.054870196424727,9000.0,0.01,0.9999946763049457,0.1339925140662863,10544.0,100.0,85,485,9.173543175768382,0.0,0.0011012670822749945,8363060.0
1.0471455362467406,9000.0,0.01,0.9999947231916764,0.13421545385806488,10620.0,100.0,86,486,9.180990694075183,0.0,0.0010938319931726856,8410433.0
1.066216173914039,9000.0,0.01,0.9999945263870399,0.13684468795750998,10452.0,100.0,87,487,9.163486554252199,0.0,0.001115129316343134,8233280.0
1.0620318435223244,9000.0,0.01,0.9999945986983994,0.13523432913256425,10482.0,100.0,88,488,9.167221535930675,0.0,0.0011095595044571362,8193485.0
1.0599727696162837,9000.0,0.01,0.9999946062794965,0.13584473307869355,10503.0,100.0,89,489,9.16939429372121,0.0,0.0011083667172758565,8204741.0
1.0548360002573083,9000.0,0.01,0.9999946330797576,0.1355943191328305,10554.0,100.0,90,490,9.173824057906039,0.0,0.0011026097972794662,8304509.0
1.0831910956548867,9000.0,0.01,0.9999945111700723,0.13542782910124787,10273.0,100.0,91,491,9.147534685110864,0.0,0.0011326325541347597,8074735.0
1.0567284244152038,9000.0,0.01,0.9999946419275376,0.13563856488787068,10531.0,100.0,92,492,9.172548407772217,0.0,0.0011052190349362383,8240575.0
1.0744408445498228,9000.0,0.01,0.9999945306479558,0.13532297238561397,10362.0,100.0,93,493,9.155520501502114,0.0,0.0011225288700877605,8162995.0
1.0670540587499628,9000.0,0.01,0.9999946129975383,0.1343814419343176,10424.0,100.0,94,494,9.162219196923244,0.0,0.0011146006638294063,8209356.0
1.0662617718821357,9000.0,0.01,0.9999945790977772,0.13513767015011272,10440.0,100.0,95,495,9.163224026146517,0.0,0.0011138761810603444,8208919.0
1.05369617146854,9000.0,0.01,0.9999946273105407,0.13588950814841413,10568.0,100.0,96,496,9.175158019769395,0.0,0.0011015465471860132,8301529.0
1.0553585312456963,9000.0,0.01,0.9999946339014668,0.13559076651328614,10548.0,100.0,97,497,9.173730993924227,0.0,0.0011032404553693754,8246556.0
1.0659513191891883,9000.0,0.01,0.9999946497394204,0.1340179432322865,10428.0,100.0,98,498,9.163318827302652,0.0,0.0011137845428701749,8172566.0
1.0688479174604866,9000.0,0.01,0.9999945509230241,0.13635974439652593,10418.0,100.0,99,499,9.161156385657554,0.0,0.0011182284218547705,8178996.0
1.0599131700600029,9000.0,0.05,0.9999946273985393,0.13526024568858058,10499.0,100.0,0,1400,9.169183514624132,0.0,0.001107958806957582,8205194.0
1.048795272275226,9000.0,0.05,0.9999946850747681,0.13539600285820091,10610.0,100.0,1,1401,9.180018647895444,0.0,0.0010965884075186919,8154677.0
1.0586524125415657,9000.0,0.05,0.9999946315422418,0.13501975223518498,10512.0,100.0,2,1402,9.170341972445186,0.0,0.0011061659929515685,8261599.0
1.0552703807515724,9000.0,0.05,0.9999946517963726,0.1349053567013594,10545.0,100.0,3,1403,9.17355253623529,0.0,0.0011025313247451916,8281085.0
1.0827784968545524,9000.0,0.05,0.9999944844660034,0.1358557861307686,10283.0,100.0,4,1404,9.147840036132655,0.0,0.001132075052803284,8112448.0
1.0678109996807181,9000.0,0.05,0.999994552148012,0.1356640769782269,10429.0,100.0,5,1405,9.161957553765596,0.0,0.0011158070549327126,8188303.0
1.0590404355860723,9000.0,0.05,0.9999946347759332,0.13552891025867508,10507.0,100.0,6,1406,9.170203480097191,0.0,0.001107596341553506,8138452.0
1.0412782049730656,9000.0,0.05,0.9999946951419068,0.13530807303040449,10693.0,100.0,7,1407,9.187028705514733,0.0,0.001087726321441018,8447022.0
1.0798140611932128,9000.0,0.05,0.9999945383064183,0.13469288799545703,10303.0,100.0,8,1408,9.15042175722595,0.0,0.001128142833781153,8137881.0
1.0779339998411586,9000.0,0.05,0.9999945148375257,0.13545948675638309,10328.0,100.0,9,1409,9.15233866796468,0.0,0.0011264783898318508,8105454.0
1.062902391269766,9000.0,0.05,0.9999945961621384,0.1355650326722047,10473.0,100.0,10,1410,9.166441102283818,0.0,0.001111098878865727,8191541.0
1.045778463423961,9000.0,0.05,0.9999946545095911,0.13603539533987957,10651.0,100.0,11,1411,9.182775092298506,0.0,0.0010930990325211606,8326207.0
1.0676412317593678,9000.0,0.05,0.9999945836359126,0.13423385503145951,10424.0,100.0,12,1412,9.161670643528144,0.0,0.0011141299458544665,8231792.0
1.0542379709867704,9000.0,0.05,0.999994676455821,0.1345513580358127,10551.0,100.0,13,1413,9.174406045419765,0.0,0.0011014634939323755,8301674.0
1.0659172633111218,9000.0,0.05,0.9999945825653833,0.13529982761220236,10443.0,100.0,14,1414,9.163377445844054,0.0,0.0011138664879374216,8171667.0
1.0690350149062113,9000.0,0.05,0.9999945185420658,0.13683569087724184,10423.0,100.0,15,1415,9.161054233479435,0.0,0.0011182640797728894,8203976.0
1.0661672815111032,9000.0,0.05,0.9999945471481597,0.13612936241514068,10448.0,100.0,16,1416,9.163662407047461,0.0,0.0011144675151684136,8219587.0
1.0499623935965496,9000.0,0.05,0.9999946845296397,0.13415501642205388,10597.0,100.0,17,1417,9.178281520887866,0.0,0.0010959004104581108,8375588.0
1.0542534105422035,9000.0,0.05,0.99999464874821,0.1351074862759757,10557.0,100.0,18,1418,9.174515878862694,0.0,0.0011015552742867265,8312288.0
1.0609977117094385,9000.0,0.05,0.9999946004000763,0.13589902063417886,10493.0,100.0,19,1419,9.168384694969612,0.0,0.0011095152825121859,8265089.0
1.0619018819943076,9000.0,0.05,0.9999945824522501,0.13584929069141352,10487.0,100.0,20,1420,9.167541835396998,0.0,0.0011099580697869122,8285855.0
1.0641393401224035,9000.0,0.05,0.9999945799417458,0.13524188860576464,10463.0,100.0,21,1421,9.165126332165624,0.0,0.0011115282626152393,8212629.0
1.0495476314972079,9000.0,0.05,0.999994656338721,0.13553339044883905,10608.0,100.0,22,1422,9.17900822132222,0.0,0.0010968473135857394,8316209.0
1.0768475754380065,9000.0,0.05,0.9999945129749355,0.13579428916092007,10340.0,100.0,23,1423,9.153530642409729,0.0,0.0011256952119130565,8138505.0
1.045689193500181,9000.0,0.05,0.9999946898488363,0.13506831342938155,10644.0,100.0,24,1424,9.182528728431073,0.0,0.0010924684155485134,8349630.0
1.049030461567947,9000.0,0.05,0.9999947088768918,0.1342607758016473,10602.0,100.0,25,1425,9.179079542774067,0.0,0.0010957237434309007,8267722.0
1.0699583064759557,9000.0,0.05,0.9999945738490013,0.13494909557587856,10401.0,100.0,26,1426,9.15972341789737,0.0,0.0011178432639767882,8247666.0
1.0762630161241995,9000.0,0.05,0.9999945281789197,0.13458615799012738,10343.0,100.0,27,1427,9.153682486230913,0.0,0.0011233717742382277,8209106.0
1.0386062998713328,9000.0,0.05,0.9999946935699934,0.13598462303008355,10724.0,100.0,28,1428,9.189552332111692,0.0,0.0010855993427739542,8432215.0
1.0605103391811062,9000.0,0.05,0.9999946156896703,0.13536793289737314,10495.0,100.0,29,1429,9.168722991511284,0.0,0.0011084933048909687,8216990.0
1.056191498734221,9000.0,0.05,0.999994686818931,0.13381030293849833,10527.0,100.0,30,1430,9.172241725270673,0.0,0.0011028705438139196,8278530.0
1.0507817760957878,9000.0,0.05,0.9999946302015151,0.13632404287003883,10600.0,100.0,31,1431,9.178220077378878,0.0,0.001098852452645783,8292527.0
1.0488847470378093,9000.0,0.05,0.9999946672783728,0.1346380043073958,10613.0,100.0,32,1432,9.179543755935937,0.0,0.0010948765866721367,8416452.0
1.06232194964265,9000.0,0.05,0.9999946251871475,0.13405652833114953,10473.0,100.0,33,1433,9.166545462494078,0.0,0.0011087431265090393,8259476.0
1.0617289467334854,9000.0,0.05,0.999994622948795,0.13452910831370749,10480.0,100.0,34,1434,9.167352002791635,0.0,0.0011087421084307692,8233702.0
1.072600929227468,9000.0,0.05,0.9999945761262707,0.13505912646528792,10372.0,100.0,35,1435,9.157283369377618,0.0,0.0011212793341682638,8110104.0
1.069144289903148,9000.0,0.05,0.999994526890192,0.1365171079114573,10420.0,100.0,36,1436,9.160831360800406,0.0,0.0011180954298662586,8149148.0
1.0553180416735384,9000.0,0.05,0.9999946314322066,0.1356119039553372,10549.0,100.0,37,1437,9.173650006528383,0.0,0.0011031474695158752,8272271.0
1.059290072808304,9000.0,0.05,0.999994622292817,0.13527226086931662,10507.0,100.0,38,1438,9.169769687539368,0.0,0.0011070679361534562,8295350.0
1.0617059521417036,9000.0,0.05,0.9999946013450791,0.13564333497609496,10485.0,100.0,39,1439,9.167539425099847,0.0,0.0011099615539852524,8238647.0
1.059819788307803,9000.0,0.05,0.9999946003343225,0.13548183225707103,10506.0,100.0,40,1440,9.169241232269197,0.0,0.0011073786361781555,8224487.0
1.06920702141379,9000.0,0.05,0.9999945375736847,0.1356821501981192,10417.0,100.0,41,1441,9.16048084090943,0.0,0.001117061002500766,8235444.0
1.0614444819080089,9000.0,0.05,0.9999946053245591,0.13529447238288642,10487.0,100.0,42,1442,9.167929905139665,0.0,0.001109155468251719,8212103.0
1.0526942510648412,9000.0,0.05,0.9999946058819212,0.1363138733622566,10584.0,100.0,43,1443,9.176343118566152,0.0,0.001100387264163001,8231961.0
1.0657170414492558,9000.0,0.05,0.9999945925774893,0.13490305860835763,10443.0,100.0,44,1444,9.16360025162736,0.0,0.0011132425725403257,8193086.0
1.04417942197236,9000.0,0.05,0.9999947344695952,0.13413252114400628,10651.0,100.0,45,1445,9.183839746821556,0.0,0.0010904810525353714,8402643.0
1.062259207590304,9000.0,0.05,0.9999945691314103,0.13561682701359135,10486.0,100.0,46,1446,9.166980213880892,0.0,0.0011095639526016758,8224781.0
1.062034641601413,9000.0,0.05,0.9999946031100617,0.13535938947331957,10481.0,100.0,47,1447,9.167049419077193,0.0,0.00110993717417972,8284395.0
1.0694162853117952,9000.0,0.05,0.9999945409377775,0.13565523434802365,10414.0,100.0,48,1448,9.160351244219731,0.0,0.0011173708179020587,8228941.0
1.0840072321232033,9000.0,0.05,0.9999944893193181,0.13493626089583816,10269.0,100.0,49,1449,9.146768023114905,0.0,0.001132081311265213,8133819.0
1.0613410531728011,9000.0,0.05,0.9999946332413983,0.1351068258839384,10482.0,100.0,50,1450,9.167942628817245,0.0,0.0011095901391567828,8209866.0
1.0708767077342738,9000.0,0.05,0.9999945788235316,0.1342911653375332,10390.0,100.0,51,1451,9.158576562651973,0.0,0.0011179653524195337,8186420.0
1.0610288820264047,9000.0,0.05,0.9999945806818922,0.13594611239255003,10497.0,100.0,52,1452,9.168338946104639,0.0,0.0011090169586909224,8256698.0
1.0470148697329227,9000.0,0.05,0.9999947075679279,0.13437334919460675,10625.0,100.0,53,1453,9.181121384627826,0.0,0.0010934521992732862,8376289.0
1.0820569497604826,9000.0,0.05,0.9999944733029172,0.13554512484419462,10293.0,100.0,54,1454,9.148631889816366,0.0,0.001130288649115609,8111556.0
1.0504538973900575,9000.0,0.05,0.9999946688594781,0.13467586776697865,10595.0,100.0,55,1455,9.17788360249111,0.0,0.0010968881977854728,8344914.0
1.0585094085010678,9000.0,0.05,0.9999946341683875,0.13504430055799205,10513.0,100.0,56,1456,9.170620305182885,0.0,0.0011061042251627345,8288860.0
1.0567582763645271,9000.0,0.05,0.9999946269119714,0.1350690386029737,10534.0,100.0,57,1457,9.171969743769242,0.0,0.001103830376615156,8280331.0
1.0528132259952645,9000.0,0.05,0.9999946625091789,0.13466556488395204,10570.0,100.0,58,1458,9.175833185552468,0.0,0.001099492410383037,8346976.0
1.054610775555026,9000.0,0.05,0.999994577098814,0.1367871028670396,10569.0,100.0,59,1459,9.174689372911415,0.0,0.0011026037194839583,8289810.0
1.0733109541112662,9000.0,0.05,0.9999945034644987,0.13635483437846546,10380.0,100.0,60,1460,9.156867443897367,0.0,0.0011221135677664522,8147385.0
1.0697338753777736,9000.0,0.05,0.9999945112283132,0.1364867393449495,10417.0,100.0,61,1461,9.160292787323536,0.0,0.001118268215555967,8160426.0
1.0341808874539513,9000.0,0.05,0.9999947847847654,0.1342098286261282,10754.0,100.0,62,1462,9.193609631233446,0.0,0.0010801437569607387,8487143.0
1.0560108056126212,9000.0,0.05,0.9999946597833624,0.13438571635630508,10535.0,100.0,63,1463,9.172640323855036,0.0,0.0011027914581049631,8348137.0
1.0574215702632377,9000.0,0.05,0.9999946298219293,0.13532320451101035,10526.0,100.0,64,1464,9.171573693431984,0.0,0.0011051363303398267,8245362.0
1.0565456059232727,9000.0,0.05,0.9999946420533105,0.13496480919669107,10533.0,100.0,65,1465,9.172464898916486,0.0,0.001103853866993666,8265984.0
1.0643074232957817,9000.0,0.05,0.9999945852437412,0.1355896241160656,10460.0,100.0,66,1466,9.165417037219157,0.0,0.0011124876873167095,8196700.0
1.061017507813165,9000.0,0.05,0.999994603952213,0.13553282882231255,10492.0,100.0,67,1467,9.168096803106524,0.0,0.0011090242086137518,8246555.0
1.057892507579429,9000.0,0.05,0.9999945792090762,0.1363015281832541,10532.0,100.0,68,1468,9.171479889653078,0.0,0.0011057891674825305,8274693.0
1.048982809741249,9000.0,0.05,0.9999946534974589,0.13631007631372813,10615.0,100.0,69,1469,9.179914528510531,0.0,0.001097392251532835,8349805.0
1.0215749865104764,9000.0,0.05,0.9999947965281302,0.13571627302092715,10899.0,100.0,70,1470,9.206214053578101,0.0,0.0010678419165098447,8488020.0
1.063930015254942,9000.0,0.05,0.9999945904090461,0.13546880553111496,10463.0,100.0,71,1471,9.165399432923918,0.0,0.0011119945827694168,8214898.0
1.0653785854027422,9000.0,0.05,0.9999945865869542,0.13513947610094987,10448.0,100.0,72,1472,9.163997918303998,0.0,0.0011130644172147033,8226241.0
1.057712071426171,9000.0,0.05,0.999994624323479,0.13562842713367385,10524.0,100.0,73,1473,9.17143391193226,0.0,0.0011058347016929182,8229872.0
1.0606386139858006,9000.0,0.05,0.9999945865867055,0.1359835121815771,10500.0,100.0,74,1474,9.168659100763485,0.0,0.0011087937989602231,8247776.0
1.0564859895547623,9000.0,0.05,0.9999946315167432,0.13528620758731974,10536.0,100.0,75,1475,9.172445738185113,0.0,0.0011039943716427366,8257734.0
1.0618163925320743,9000.0,0.05,0.9999945413024012,0.13626912369996652,10497.0,100.0,76,1476,9.167804100897264,0.0,0.0011092765121883815,8293209.0
1.07363995444012,9000.0,0.05,0.9999945148751169,0.13581543479762428,10374.0,100.0,77,1477,9.156400322035527,0.0,0.0011219294008336495,8082480.0
1.0559722968611396,9000.0,0.05,0.9999946346915782,0.13570797963767245,10541.0,100.0,78,1478,9.172984676737013,0.0,0.0011042088955463966,8163082.0
1.0503781454727779,9000.0,0.05,0.9999946904725017,0.13415626469228187,10591.0,100.0,79,1479,9.178086016668631,0.0,0.0010965660793441016,8332854.0
1.0589416461659298,9000.0,0.05,0.9999946397159009,0.13488575439541614,10507.0,100.0,80,1480,9.170081888807116,0.0,0.0011065301541498508,8238468.0
1.0474725503174973,9000.0,0.05,0.9999947245805543,0.13401230493379124,10616.0,100.0,81,1481,9.180464674071146,0.0,0.001093922411359407,8324699.0
1.048584012614395,9000.0,0.05,0.9999946956388028,0.1343388954950615,10610.0,100.0,82,1482,9.17971257830851,0.0,0.0010949078774674039,8393247.0
1.0659131569563887,9000.0,0.05,0.9999945369625477,0.13732963518013697,10453.0,100.0,83,1483,9.16412568638819,0.0,0.001115922867326433,8140046.0
1.0569983485537804,9000.0,0.05,0.9999946509851388,0.13449384019117747,10526.0,100.0,84,1484,9.171674208906035,0.0,0.0011038923078871411,8324920.0
1.0551001348075968,9000.0,0.05,0.9999946828048177,0.13389668605335542,10540.0,100.0,85,1485,9.173611981407918,0.0,0.00110157257414752,8272764.0
1.0658201895355701,9000.0,0.05,0.9999945736679012,0.13513565377908204,10446.0,100.0,86,1486,9.163534841644873,0.0,0.0011131765654419418,8185251.0
1.0568091246569649,9000.0,0.05,0.9999946424014395,0.13464908961760907,10530.0,100.0,87,1487,9.171901203854475,0.0,0.0011036579087197614,8362284.0
1.0562509755622198,9000.0,0.05,0.9999946838447912,0.1341174001786552,10527.0,100.0,88,1488,9.172273737522486,0.0,0.0011033806376806897,8220616.0
1.0656317017585126,9000.0,0.05,0.9999945647699771,0.1359142676010813,10450.0,100.0,89,1489,9.164108180220103,0.0,0.001114000900757389,8189398.0
1.0646664624422897,9000.0,0.05,0.9999946176163244,0.13464199149360778,10449.0,100.0,90,1490,9.164513088123066,0.0,0.0011123106317461277,8205707.0
1.0520320838604424,9000.0,0.05,0.9999946479229642,0.13503335850181697,10582.0,100.0,91,1491,9.176541154024628,0.0,0.0010987278934749517,8336103.0
1.056554911643722,9000.0,0.05,0.9999946280702932,0.13513840007028544,10536.0,100.0,92,1492,9.172367549098254,0.0,0.0011037308256501791,8260431.0
1.0658457300273063,9000.0,0.05,0.9999945907280529,0.13499032230647248,10442.0,100.0,93,1493,9.163455785686434,0.0,0.0011134987664641073,8236182.0
1.0584190890669978,9000.0,0.05,0.999994643209588,0.134814942675681,10512.0,100.0,94,1494,9.17052852416272,0.0,0.0011058899765691535,8271904.0
1.065144266913374,9000.0,0.05,0.9999946074674508,0.13441000356006333,10446.0,100.0,95,1495,9.164062974118298,0.0,0.0011121794610045057,8172648.0
1.0479352325512734,9000.0,0.05,0.9999946925718664,0.1347822422367537,10618.0,100.0,96,1496,9.180520025743172,0.0,0.001094769844475245,8323034.0
1.0655743791426961,9000.0,0.05,0.9999945539031514,0.1358297227324883,10453.0,100.0,97,1497,9.163998340100479,0.0,0.0011134546154592181,8239465.0
1.0768821205688284,9000.0,0.05,0.9999945533772892,0.1344391652651887,10331.0,100.0,98,1498,9.153206836960907,0.0,0.0011246416379475154,8211467.0
1.0501383371490078,9000.0,0.05,0.9999946312445824,0.13579604448910068,10607.0,100.0,99,1499,9.178558346664031,0.0,0.0010972179550625513,8343368.0
1.0591113852613487,9000.0,0.1,0.9999946040665243,0.1350768236682887,10513.0,100.0,0,2400,9.169771175164858,0.0,0.0011059646125761422,8273566.0
1.0564645924027034,9000.0,0.1,0.9999946776756244,0.13395999295604216,10526.0,100.0,1,2401,9.172096440319875,0.0,0.0011031641892796935,8277599.0
1.0553607236431326,9000.0,0.1,0.9999946427822763,0.13518652104762013,10546.0,100.0,2,2402,9.173478132544071,0.0,0.0011028400710991837,8303159.0
1.0659955184149756,9000.0,0.1,0.9999945694835799,0.1357871324073623,10445.0,100.0,3,2403,9.163795486261453,0.0,0.001114378426092937,8158463.0
1.046020439580809,9000.0,0.1,0.9999946600476426,0.13608694049766376,10647.0,100.0,4,2404,9.182668467129382,0.0,0.0010936544815457984,8373267.0
1.05235798632344,9000.0,0.1,0.9999946360921678,0.13561419723138168,10581.0,100.0,5,2405,9.176259245502806,0.0,0.0010997496925197806,8362480.0
1.0627202414592665,9000.0,0.1,0.999994582486566,0.13537603713062446,10478.0,100.0,6,2406,9.166525639374132,0.0,0.00111013796678062,8264642.0
1.069825355657084,9000.0,0.1,0.9999945758753503,0.13429051109198137,10402.0,100.0,7,2407,9.159768276046377,0.0,0.0011166051623244999,8264885.0
1.061430241187385,9000.0,0.1,0.999994587856373,0.13557901048671797,10491.0,100.0,8,2408,9.167924889472502,0.0,0.0011090887463473798,8247990.0
1.0422376286658375,9000.0,0.1,0.9999947084724369,0.13481596331524207,10679.0,100.0,9,2409,9.185912188229919,0.0,0.0010884721277437577,8383608.0
1.0610557055399947,9000.0,0.1,0.9999946202189622,0.1347098273027811,10488.0,100.0,10,2410,9.168062296724534,0.0,0.0011081626151269518,8269184.0
1.0730222026236313,9000.0,0.1,0.9999945457658543,0.13508699664974558,10374.0,100.0,11,2411,9.15702985001891,0.0,0.0011208770397551488,8151935.0
1.077641064127172,9000.0,0.1,0.9999944920117356,0.136496457303276,10336.0,100.0,12,2412,9.153025893079324,0.0,0.0011272128954543169,8067558.0
1.064265990797543,9000.0,0.1,0.9999945873155754,0.1355909852286629,10460.0,100.0,13,2413,9.16527117847598,0.0,0.0011124995096592643,8164181.0
1.0472088764874192,9000.0,0.1,0.9999946978666258,0.13461994362927673,10625.0,100.0,14,2414,9.18099744478797,0.0,0.0010937922755585882,8320265.0
1.0607010556998486,9000.0,0.1,0.9999946424996142,0.13482142309741652,10487.0,100.0,15,2415,9.168422041561367,0.0,0.0011086253776000918,8261903.0
1.0451425490133708,9000.0,0.1,0.9999946686836497,0.13637865557738185,10655.0,100.0,16,2416,9.183569232204537,0.0,0.0010933647883676362,8318372.0
1.070114570394101,9000.0,0.1,0.9999945614131446,0.13501342104855948,10402.0,100.0,17,2417,9.159509620680103,0.0,0.0011177576780720864,8187520.0
1.043323099493761,9000.0,0.1,0.9999946410428976,0.1368769490182229,10682.0,100.0,18,2418,9.185370039332717,0.0,0.0010911454186250194,8347509.0
1.0680424028370645,9000.0,0.1,0.9999945635753255,0.135149330530615,10424.0,100.0,19,2419,9.161405597522691,0.0,0.0011155604576379584,8201921.0
1.0479953917725278,9000.0,0.1,0.999994716190463,0.13341975806953116,10612.0,100.0,20,2420,9.179953190224678,0.0,0.001093296810305088,8386605.0
1.0659651858574655,9000.0,0.1,0.9999945664173517,0.13569602408381723,10446.0,100.0,21,2421,9.163697336055131,0.0,0.0011140788709734274,8228424.0
1.0698498585829013,9000.0,0.1,0.9999945607898088,0.13574255443603594,10405.0,100.0,22,2422,9.16016072183088,0.0,0.001118662961975527,8177617.0
1.0551368527340959,9000.0,0.1,0.9999946225253116,0.13534448859171064,10553.0,100.0,23,2423,9.173594339561529,0.0,0.0011022043615566222,8327342.0
1.057518270761329,9000.0,0.1,0.9999946114507513,0.136007199755438,10529.0,100.0,24,2424,9.171564111065372,0.0,0.001105867558423241,8251650.0
1.0757854033197807,9000.0,0.1,0.9999945473881513,0.13470394878307126,10344.0,100.0,25,2425,9.154245913460336,0.0,0.0011235963862416924,8141155.0
1.0591125918135282,9000.0,0.1,0.999994631167759,0.13478327259399672,10507.0,100.0,26,2426,9.169827726042389,0.0,0.001106307440166772,8263339.0
1.0317474931362745,9000.0,0.1,0.999994759919728,0.13484859993248466,10788.0,100.0,27,2427,9.196064041145416,0.0,0.0010775096790763229,8463878.0
1.0758207822475498,9000.0,0.1,0.9999944942662797,0.13575294281614947,10355.0,100.0,28,2428,9.154391764619731,0.0,0.0011238049559249327,8177812.0
1.0616669253960211,9000.0,0.1,0.9999946260501745,0.13500690601096788,10480.0,100.0,29,2429,9.167661644211318,0.0,0.0011095856898726895,8190087.0
1.0622253270055548,9000.0,0.1,0.9999945981272792,0.13488512056691687,10480.0,100.0,30,2430,9.166913737642785,0.0,0.0011091826383823015,8290619.0
1.0672062540080731,9000.0,0.1,0.999994586986324,0.13433757957778072,10428.0,100.0,31,2431,9.162114594314126,0.0,0.0011138876964030932,8251407.0
1.057385557072284,9000.0,0.1,0.9999946406508358,0.13493438412839978,10524.0,100.0,32,2432,9.171536008230985,0.0,0.0011047784963437528,8221633.0
1.043913715072163,9000.0,0.1,0.9999946817313575,0.1356328756674109,10666.0,100.0,33,2433,9.184533318231052,0.0,0.0010910227492313808,8380700.0
1.0638285548516233,9000.0,0.1,0.9999945544086929,0.13613172801085188,10472.0,100.0,34,2434,9.165674170248716,0.0,0.0011118842091276083,8211477.0
1.0726116556098086,9000.0,0.1,0.9999945384329841,0.13612967784452157,10380.0,100.0,35,2435,9.157648167361168,0.0,0.0011219666915533869,8079652.0
1.0584279520328759,9000.0,0.1,0.9999945749850422,0.13664886080399816,10527.0,100.0,36,2436,9.17101320012062,0.0,0.0011068969832281317,8264994.0
1.0551005412068868,9000.0,0.1,0.999994669284758,0.13396755749660233,10543.0,100.0,37,2437,9.17339938755907,0.0,0.0011012725705250564,8278951.0
1.063474284926641,9000.0,0.1,0.9999945858074253,0.1351142962924396,10469.0,100.0,38,2438,9.165787395819274,0.0,0.0011106977434371564,8255389.0
1.0616195338698942,9000.0,0.1,0.9999945874791988,0.136074456249894,10489.0,100.0,39,2439,9.167877781858664,0.0,0.0011101566391607232,8190953.0
1.06187274873094,9000.0,0.1,0.999994638533255,0.1348341908050643,10475.0,100.0,40,2440,9.167252214922858,0.0,0.0011099389127048342,8242374.0
1.0419829832604903,9000.0,0.1,0.999994681776234,0.13614736757831167,10688.0,100.0,41,2441,9.186465755626442,0.0,0.0010895629067459369,8294933.0
1.0591682450163902,9000.0,0.1,0.9999946329147636,0.1352088352953426,10506.0,100.0,42,2442,9.169998921611036,0.0,0.0011071425529309345,8289641.0
1.0557083450531066,9000.0,0.1,0.9999946164090241,0.13549805153364203,10548.0,100.0,43,2443,9.173090548827908,0.0,0.0011029684518830522,8276400.0
1.048521474542881,9000.0,0.1,0.9999946012443989,0.1365996648525455,10632.0,100.0,44,2444,9.180351344204036,0.0,0.0010956796427130811,8348819.0
1.0536159401666085,9000.0,0.1,0.9999946537199635,0.1346151166965241,10563.0,100.0,45,2445,9.174967217056823,0.0,0.0011001127188324145,8345797.0
1.0536187136952748,9000.0,0.1,0.9999946311838167,0.13537066017853244,10568.0,100.0,46,2446,9.17519503683174,0.0,0.001100682348483237,8277600.0
1.066313837857583,9000.0,0.1,0.9999945398196011,0.13634428378986935,10448.0,100.0,47,2447,9.163511050211655,0.0,0.0011147916589870387,8184383.0
1.0651756202195286,9000.0,0.1,0.9999945875763602,0.13450539815081436,10450.0,100.0,48,2448,9.163950885919785,0.0,0.0011117530093275822,8207774.0
1.0598785596634221,9000.0,0.1,0.9999946064579355,0.13546150213544353,10504.0,100.0,49,2449,9.169249970223094,0.0,0.0011076034900658345,8242830.0
1.078269316845705,9000.0,0.1,0.9999945262136378,0.13556378252148926,10322.0,100.0,50,2450,9.152261841217044,0.0,0.001127417249099823,8075061.0
1.0424077734202652,9000.0,0.1,0.9999946911964518,0.13659754581614209,10681.0,100.0,51,2451,9.186336257703216,0.0,0.0010911371467093103,8310481.0
1.0738197454571534,9000.0,0.1,0.9999945570493535,0.13507798819735625,10363.0,100.0,52,2452,9.156142151009165,0.0,0.0011221977091986945,8155278.0
1.0628052937897199,9000.0,0.1,0.9999946283870152,0.13438173589287694,10467.0,100.0,53,2453,9.16629472790421,0.0,0.0011099659162111507,8180456.0
1.0654020104229793,9000.0,0.1,0.9999946037458689,0.1352027888262956,10444.0,100.0,54,2454,9.164122170777445,0.0,0.0011137305334846435,8159458.0
1.067700331980205,9000.0,0.1,0.9999945576819579,0.13596078343668003,10429.0,100.0,55,2455,9.162056883746367,0.0,0.0011163534088104215,8159747.0
1.0575840861801222,9000.0,0.1,0.9999946171825712,0.13529627994819698,10527.0,100.0,56,2456,9.171353615154567,0.0,0.0011049024056256668,8238081.0
1.059700402044486,9000.0,0.1,0.9999946380380106,0.1348652588193198,10499.0,100.0,57,2457,9.16936035792786,0.0,0.0011073540306459275,8231632.0
1.0683778285152565,9000.0,0.1,0.9999945514047178,0.13606055906876233,10423.0,100.0,58,2458,9.161547353121186,0.0,0.0011171433853818529,8162748.0
1.0640085194456665,9000.0,0.1,0.999994618478684,0.13527777559383836,10456.0,100.0,59,2459,9.16548765852116,0.0,0.001112634794502661,8189805.0
1.0540480476764005,9000.0,0.1,0.9999945962866678,0.13677279467040013,10571.0,100.0,60,2460,9.1752507273535,0.0,0.0011025016895281096,8282344.0
1.0675620039628908,9000.0,0.1,0.9999945645990596,0.13515735580545907,10429.0,100.0,61,2461,9.161969324516422,0.0,0.0011150224742625915,8268562.0
1.0582792192644082,9000.0,0.1,0.9999946185484243,0.1348555594459194,10519.0,100.0,62,2462,9.170714587533707,0.0,0.001105017773124769,8274246.0
1.0395062929063932,9000.0,0.1,0.9999947138780216,0.13530299477887126,10709.0,100.0,63,2463,9.18889095953157,0.0,0.0010861596549138746,8448436.0
1.0667887923475992,9000.0,0.1,0.9999945848805138,0.13494832390979394,10433.0,100.0,64,2464,9.162695352015245,0.0,0.0011143743546653479,8207278.0
1.0538411033745751,9000.0,0.1,0.9999946066349177,0.13632305401035316,10571.0,100.0,65,2465,9.17530900660951,0.0,0.0011017945104062595,8289500.0
1.071760293129062,9000.0,0.1,0.9999945810054411,0.13503767279884707,10380.0,100.0,66,2466,9.158142698881498,0.0,0.0011203784480993205,8192609.0
1.0486589467607124,9000.0,0.1,0.9999946519476711,0.1362349521627533,10619.0,100.0,67,2467,9.180042447178588,0.0,0.0010968287805746145,8323105.0
1.0494795833764043,9000.0,0.1,0.9999946597414661,0.1352049226415242,10608.0,100.0,68,2468,9.179054958479856,0.0,0.00109630964678217,8313445.0
1.0644638008814264,9000.0,0.1,0.9999946140145511,0.13463983228649742,10452.0,100.0,69,2469,9.164753016259452,0.0,0.0011119522777862723,8173477.0
1.0704701018109695,9000.0,0.1,0.9999945991558947,0.13448796608409608,10390.0,100.0,70,2470,9.159204448683743,0.0,0.001118453751438097,8159788.0
1.0482426421316484,9000.0,0.1,0.9999946638977119,0.13553839966585654,10621.0,100.0,71,2471,9.180258235231394,0.0,0.0010955267697943772,8317620.0
1.063477829806213,9000.0,0.1,0.9999946084533472,0.13461614428732996,10464.0,100.0,72,2472,9.165706659054942,0.0,0.0011105495585940898,8210323.0
1.061658745403461,9000.0,0.1,0.9999945718871038,0.13613445566826912,10492.0,100.0,73,2473,9.167812665182755,0.0,0.0011098283311691912,8217508.0
1.0651090428061367,9000.0,0.1,0.999994613811844,0.13509072196406308,10445.0,100.0,74,2474,9.164255946056878,0.0,0.0011135033558951747,8176379.0
1.0612438234473809,9000.0,0.1,0.99999458809325,0.13591689416680983,10493.0,100.0,75,2475,9.16809443580953,0.0,0.0011094646314861775,8222458.0
1.0513181656363115,9000.0,0.1,0.9999947014913231,0.13488148380668386,10578.0,100.0,76,2476,9.177384028524797,0.0,0.001099284941487287,8298955.0
1.0611625024589424,9000.0,0.1,0.9999945876185333,0.13565357702146985,10494.0,100.0,77,2477,9.168075744075546,0.0,0.001108889129395543,8339746.0
1.0586493715384373,9000.0,0.1,0.9999946226456183,0.13552523244991654,10514.0,100.0,78,2478,9.170368866835755,0.0,0.0011067467153248918,8292361.0
1.0630889335401643,9000.0,0.1,0.9999946096398319,0.1349969509261401,10468.0,100.0,79,2479,9.16611081492452,0.0,0.0011107765769951944,8223867.0
1.048781641360702,9000.0,0.1,0.9999947035310549,0.13455475446427728,10606.0,100.0,80,2480,9.179563946276474,0.0,0.0010957545176808177,8289800.0
1.06915136961667,9000.0,0.1,0.9999945265361704,0.1368304650909414,10420.0,100.0,81,2481,9.1610518732996,0.0,0.001118640824709921,8167465.0
1.0553488628274195,9000.0,0.1,0.9999945715471957,0.13707752726357514,10562.0,100.0,82,2482,9.173758783890865,0.0,0.00110382839594329,8281434.0
1.0588866212315624,9000.0,0.1,0.9999945972153618,0.13557512871016977,10517.0,100.0,83,2483,9.170223034386847,0.0,0.0011063205868608575,8209177.0
1.0618918456068038,9000.0,0.1,0.9999946284655923,0.1345910666762195,10477.0,100.0,84,2484,9.167224315289857,0.0,0.0011092227923590698,8241686.0
1.0302714823728107,9000.0,0.1,0.9999947265605549,0.13583388033539487,10813.0,100.0,85,2485,9.197675247387785,0.0,0.0010763323145605592,8515250.0
1.0427918237898381,9000.0,0.1,0.9999947510215971,0.1336567528798981,10663.0,100.0,86,2486,9.18494279557394,0.0,0.0010885253052424044,8350190.0
1.0688426487237108,9000.0,0.1,0.9999945696225175,0.135811306588491,10414.0,100.0,87,2487,9.161092022427585,0.0,0.0011178551236736727,8202657.0
1.0538851880061963,9000.0,0.1,0.999994680625129,0.13412141868249894,10554.0,100.0,88,2488,9.174596242736287,0.0,0.0011004372673508746,8328607.0
1.0643091923181378,9000.0,0.1,0.9999945760164056,0.1353075192103198,10462.0,100.0,89,2489,9.164860893990463,0.0,0.0011117321567962783,8287256.0
1.0501409679887796,9000.0,0.1,0.999994648897758,0.1356138502117661,10603.0,100.0,90,2490,9.178493997340338,0.0,0.0010974679495846273,8330301.0
1.0599554945871106,9000.0,0.1,0.9999946071433349,0.13565505606743805,10503.0,100.0,91,2491,9.169384524032722,0.0,0.0011080517016617034,8203419.0
1.0624748314509798,9000.0,0.1,0.9999946221016934,0.13433374256731426,10472.0,100.0,92,2492,9.166527210456405,0.0,0.0011092944189188946,8317470.0
1.0591365346749162,9000.0,0.1,0.9999946616982283,0.13388879391363812,10500.0,100.0,93,2493,9.169813383678788,0.0,0.0011057401275913587,8273413.0
1.0684346122409292,9000.0,0.1,0.9999945900264116,0.13446829006389832,10414.0,100.0,94,2494,9.160998796855422,0.0,0.0011156828798115188,8223853.0
1.0588985413084555,9000.0,0.1,0.9999945740255244,0.13644758828998907,10522.0,100.0,95,2495,9.17029541302312,0.0,0.0011071100643718541,8263509.0
1.0587569920630873,9000.0,0.1,0.9999945991769981,0.13549807532603486,10518.0,100.0,96,2496,9.17031002932529,0.0,0.001106092008715018,8291480.0
1.0632788580683767,9000.0,0.1,0.9999945864565845,0.13600261949374504,10471.0,100.0,97,2497,9.16639604506425,0.0,0.0011119985464861856,8218591.0
1.0623800412339508,9000.0,0.1,0.999994567637227,0.13612233595589096,10485.0,100.0,98,2498,9.167163148873593,0.0,0.0011105377737515515,8267493.0
1.0744777838855595,9000.0,0.1,0.9999946034308127,0.13412127469069818,10346.0,100.0,99,2499,9.155295973254328,0.0,0.00112276326950968,8135107.0
1.0658365071344897,9000.0,0.15,0.9999945911892442,0.1355518530181595,10442.0,100.0,0,3400,9.163751168671508,0.0,0.0011144503810392127,8175188.0
1.0727786554472398,9000.0,0.15,0.9999945765372412,0.13390904207895002,10370.0,100.0,1,3401,9.156746068021203,0.0,0.0011195279836630186,8195181.0
1.0789123699387135,9000.0,0.15,0.999994517535763,0.13481344417271732,10317.0,100.0,2,3402,9.151122458047167,0.0,0.001126625669922501,8217174.0
1.0675355630127794,9000.0,0.15,0.9999945935222624,0.13453312477571966,10423.0,100.0,3,3403,9.161883259175562,0.0,0.0011148296482324906,8168665.0
1.0591781939387712,9000.0,0.15,0.999994614302662,0.13480043392680327,10510.0,100.0,4,3404,9.169711765466566,0.0,0.0011058874523773145,8309269.0
1.0584277155448831,9000.0,0.15,0.999994584023218,0.13573097923517713,10525.0,100.0,5,3405,9.170783146101517,0.0,0.0011056201479098622,8268189.0
1.0563114886590521,9000.0,0.15,0.9999945952392615,0.13634142330954693,10546.0,100.0,6,3406,9.172864964578102,0.0,0.0011044634163327113,8167772.0
1.0615696808442872,9000.0,0.15,0.9999945763407804,0.1362974361784706,10492.0,100.0,7,3407,9.167679760815584,0.0,0.0011101624681893638,8239684.0
1.0564873661310181,9000.0,0.15,0.9999946044356206,0.1361530089008759,10542.0,100.0,8,3408,9.172637552710425,0.0,0.001104645753240711,8264122.0
1.0677974617597952,9000.0,0.15,0.9999945988443403,0.13521244471388932,10419.0,100.0,9,3409,9.161885617697912,0.0,0.0011164687481689645,8172532.0
1.0605949614480186,9000.0,0.15,0.99999459784239,0.1351806058931083,10498.0,100.0,10,3410,9.168479154701675,0.0,0.001107720854437972,8252437.0
1.0494096105339008,9000.0,0.15,0.9999946810218341,0.13478731457358395,10604.0,100.0,11,3411,9.179045992802893,0.0,0.001096188188293616,8353842.0
1.0759863923506265,9000.0,0.15,0.9999945466862733,0.13491623627789984,10342.0,100.0,12,3412,9.154118868321788,0.0,0.0011241944943607396,8116388.0
1.0585832003110978,9000.0,0.15,0.9999946485826926,0.13408297274340047,10509.0,100.0,13,3413,9.170193821662824,0.0,0.0011050041206737732,8287146.0
1.0500548676522197,9000.0,0.15,0.9999946576514837,0.1351873955752589,10602.0,100.0,14,3414,9.178504588131341,0.0,0.0010969204385003868,8279797.0
1.0503047792992144,9000.0,0.15,0.9999947030587517,0.13420657038181766,10589.0,100.0,15,3415,9.178025888332733,0.0,0.00109697439183583,8359103.0
1.060456217314644,9000.0,0.15,0.9999946547427665,0.1348944001233338,10487.0,100.0,16,3416,9.168609205448432,0.0,0.0011088432162882976,8223700.0
1.066019213843815,9000.0,0.15,0.9999946095853007,0.1349001169197178,10436.0,100.0,17,3417,9.163413269955312,0.0,0.0011141321875397588,8164707.0
1.0584539965134427,9000.0,0.15,0.9999946369392654,0.13524963926081363,10513.0,100.0,18,3418,9.17069924204825,0.0,0.0011064785371208616,8218851.0
1.061181826802118,9000.0,0.15,0.9999946275539868,0.13464951226923272,10485.0,100.0,19,3419,9.167898125360201,0.0,0.0011084480923496457,8201518.0
1.059522554094189,9000.0,0.15,0.9999946423953157,0.13445753792496729,10500.0,100.0,20,3420,9.169215826098506,0.0,0.0011065996986239775,8271925.0
1.0615764126873488,9000.0,0.15,0.9999946214722365,0.13496439369961824,10482.0,100.0,21,3421,9.167522360505544,0.0,0.0011092675715768862,8261129.0
1.050015447495916,9000.0,0.15,0.9999946240599302,0.1361272803930336,10610.0,100.0,22,3422,9.178677333317536,0.0,0.0010974131201382776,8399000.0
1.0526721823774203,9000.0,0.15,0.9999946516661268,0.13530689878803,10574.0,100.0,23,3423,9.176215365837402,0.0,0.0011000709991428551,8259535.0
1.0585379828305979,9000.0,0.15,0.9999945875390813,0.13589137898123743,10523.0,100.0,24,3424,9.170786444885914,0.0,0.0011061240944283328,8246522.0
1.0655295232038686,9000.0,0.15,0.999994643256787,0.13310411554678186,10434.0,100.0,25,3425,9.16324290778721,0.0,0.0011115287299787806,8244654.0
1.043680684696818,9000.0,0.15,0.999994658246632,0.13575447482476244,10674.0,100.0,26,3426,9.184682144339492,0.0,0.001090214309570935,8348869.0
1.0567729012442535,9000.0,0.15,0.9999946351950108,0.1353027183121819,10532.0,100.0,27,3427,9.172209023853883,0.0,0.0011044962655419256,8216615.0
1.0656071521124912,9000.0,0.15,0.9999946026581555,0.13477893037556654,10442.0,100.0,28,3428,9.16368305418486,0.0,0.0011132068908922587,8231609.0
1.0531607099096167,9000.0,0.15,0.999994667522226,0.13494093417079653,10565.0,100.0,29,3429,9.175411266435722,0.0,0.001100541584564796,8289899.0
1.0624643502365851,9000.0,0.15,0.9999946363092559,0.13449907566638664,10469.0,100.0,30,3430,9.166687146857313,0.0,0.0011100072677652497,8221987.0
1.0458280840168697,9000.0,0.15,0.999994660845689,0.13571564075138134,10649.0,100.0,31,3431,9.182804812394053,0.0,0.0010928046292485798,8333507.0
1.0757983871308776,9000.0,0.15,0.9999945420659501,0.1354093855970219,10345.0,100.0,32,3432,9.154268401474347,0.0,0.0011246748909751528,8110556.0
1.0635467650589272,9000.0,0.15,0.999994554823995,0.13591700089109823,10475.0,100.0,33,3433,9.165881144811976,0.0,0.00111118604126199,8193472.0
1.0733301076870188,9000.0,0.15,0.9999945210780155,0.13572792820622276,10376.0,100.0,34,3434,9.156626110262136,0.0,0.001121596780492088,8104907.0
1.0628026145779346,9000.0,0.15,0.9999946102711619,0.13507541103820214,10471.0,100.0,35,3435,9.16644580532475,0.0,0.0011105837187432336,8233875.0
1.0526226090522697,9000.0,0.15,0.9999946765170799,0.134701627844931,10569.0,100.0,36,3436,9.175962180900818,0.0,0.001099774054479952,8285852.0
1.0647813888241655,9000.0,0.15,0.9999946027112978,0.135468277015833,10451.0,100.0,37,3437,9.164621775608085,0.0,0.0011134136916305317,8153525.0
1.0801430611128986,9000.0,0.15,0.9999945265658595,0.1349935946290677,10302.0,100.0,38,3438,9.15011715091778,0.0,0.0011287069950259947,8074739.0
1.0669339492968273,9000.0,0.15,0.999994573028373,0.13500868256508108,10434.0,100.0,39,3439,9.162346294235178,0.0,0.0011142899997499036,8246048.0
1.061793252770048,9000.0,0.15,0.9999945878842588,0.13558750642040057,10487.0,100.0,40,3440,9.167347055093172,0.0,0.0011095518020369137,8284078.0
1.0724433415569479,9000.0,0.15,0.9999946072586507,0.13380334150382533,10367.0,100.0,41,3441,9.157299754428594,0.0,0.0011198831675861209,8190889.0
1.0558873269318954,9000.0,0.15,0.9999946344405882,0.13509542589257031,10542.0,100.0,42,3442,9.172989107532135,0.0,0.0011030465448058444,8311532.0
1.0560962561401661,9000.0,0.15,0.9999946465011837,0.13423435153506638,10537.0,100.0,43,3443,9.172489683680194,0.0,0.0011022172550123031,8309915.0
1.0627453656673966,9000.0,0.15,0.9999945448210557,0.1368744876614743,10486.0,100.0,44,3444,9.166937720291472,0.0,0.0011115507186604883,8203637.0
1.064277843261775,9000.0,0.15,0.9999945730158892,0.13593529412293875,10463.0,100.0,45,3445,9.165239038068451,0.0,0.0011126817105891276,8204970.0
1.0562365028724419,9000.0,0.15,0.999994671035401,0.1340119278433906,10530.0,100.0,46,3446,9.17232764278983,0.0,0.001102771551101304,8324827.0
1.0672896518377284,9000.0,0.15,0.9999945782180456,0.13543066868989978,10429.0,100.0,47,3447,9.162308885583911,0.0,0.0011155980468183137,8187503.0
1.0610717034645853,9000.0,0.15,0.9999946285126001,0.13439658607132898,10486.0,100.0,48,3448,9.167975030057582,0.0,0.0011079065004732202,8274442.0
1.0704108491550561,9000.0,0.15,0.9999945327374312,0.13607041601488598,10405.0,100.0,49,3449,9.159530166701666,0.0,0.001119029154978352,8217312.0
1.1015450274473166,9000.0,0.15,0.9999944124303789,0.13489995449372053,10103.0,100.0,50,3450,9.1305798128621,0.0,0.001150706316501158,7912383.0
1.0522347586052625,9000.0,0.15,0.9999946645966084,0.13482998897396614,10576.0,100.0,51,3451,9.176493597754327,0.0,0.0010991430416903748,8309407.0
1.0601935463063397,9000.0,0.15,0.9999946133783162,0.1349544897646412,10499.0,100.0,52,3452,9.168793550679359,0.0,0.0011073385905410584,8242501.0
1.0710000935618862,9000.0,0.15,0.9999945310007551,0.13615750895991482,10399.0,100.0,53,3453,9.158902137608642,0.0,0.0011198456936363846,8068540.0
1.0552769553478882,9000.0,0.15,0.9999946200100145,0.13550710724692247,10552.0,100.0,54,3454,9.17375555367944,0.0,0.0011025626516173001,8302725.0
1.033669939404714,9000.0,0.15,0.9999947455676523,0.13524734005624978,10769.0,100.0,55,3455,9.194178372212496,0.0,0.0010800459955605099,8495029.0
1.0627458863511552,9000.0,0.15,0.9999946359223235,0.13452560343796044,10466.0,100.0,56,3456,9.166329130109071,0.0,0.0011103830637265413,8202882.0
1.0549546635540095,9000.0,0.15,0.9999946630873147,0.1345094623971366,10546.0,100.0,57,3457,9.173560570951913,0.0,0.0011018389870622648,8231638.0
1.0659235360908912,9000.0,0.15,0.9999946051887166,0.13472758954986394,10438.0,100.0,58,3458,9.163457652623912,0.0,0.0011135755246161284,8205603.0
1.0538786986801811,9000.0,0.15,0.9999946137063193,0.1359033529772944,10569.0,100.0,59,3459,9.1751750936106,0.0,0.0011013400493385035,8316216.0
1.066390077269149,9000.0,0.15,0.999994577270138,0.13502385844943815,10439.0,100.0,60,3460,9.163088825675112,0.0,0.0011137817545914615,8255203.0
1.048686022858489,9000.0,0.15,0.9999946905377828,0.1346660784482773,10610.0,100.0,61,3461,9.179782099444227,0.0,0.0010954032715570093,8357495.0
1.0699838625366593,9000.0,0.15,0.9999945494706165,0.13581089379074646,10406.0,100.0,62,3462,9.16005407219967,0.0,0.0011185954734624533,8125367.0
1.0496062502451808,9000.0,0.15,0.9999946534074916,0.1354317976054982,10608.0,100.0,63,3463,9.178975704481765,0.0,0.001096656057475818,8326163.0
1.067335388941736,9000.0,0.15,0.9999945667376748,0.13515750318354683,10431.0,100.0,64,3464,9.162057551712849,0.0,0.0011148188503633302,8174966.0
1.0515181447846982,9000.0,0.15,0.9999946602296845,0.13529580726878743,10585.0,100.0,65,3465,9.177301191752397,0.0,0.001098932249594124,8337986.0
1.0578761595336268,9000.0,0.15,0.9999945755189545,0.13688555408282269,10533.0,100.0,66,3466,9.171511662570413,0.0,0.001106675108300094,8227853.0
1.0481027630673778,9000.0,0.15,0.9999946886302264,0.1350069504608689,10617.0,100.0,67,3467,9.180307489910318,0.0,0.0010952314246344115,8348119.0
1.0433784436298703,9000.0,0.15,0.9999947172901689,0.1353265701763799,10664.0,100.0,68,3468,9.18502393993684,0.0,0.0010909786732677658,8358400.0
1.0639209024352672,9000.0,0.15,0.9999945954328607,0.1348741289178896,10462.0,100.0,69,3469,9.165393000914516,0.0,0.0011111238059375924,8296426.0
1.0603452726340894,9000.0,0.15,0.9999946421102642,0.1351362169271105,10491.0,100.0,70,3470,9.168745984086222,0.0,0.00110872778746279,8203177.0
1.0646394310914997,9000.0,0.15,0.9999945960792828,0.13487990050924634,10454.0,100.0,71,3471,9.164521754672624,0.0,0.0011120234168324333,8285485.0
1.078062551463632,9000.0,0.15,0.9999944662550329,0.1365896185645691,10337.0,100.0,72,3472,9.152458546965066,0.0,0.0011270934107473886,8154444.0
1.058119881126249,9000.0,0.15,0.9999946445997456,0.13451036718222417,10515.0,100.0,73,3473,9.170717114637238,0.0,0.0011050565209648692,8259663.0
1.0729378385099664,9000.0,0.15,0.999994545338533,0.13523351945291417,10375.0,100.0,74,3474,9.15673495945521,0.0,0.0011210350940465154,8121375.0
1.0570057996087039,9000.0,0.15,0.9999946235489241,0.13525000708198964,10532.0,100.0,75,3475,9.171839000215316,0.0,0.001104333437165977,8274164.0
1.0560033887738423,9000.0,0.15,0.9999946511450176,0.13493322057461643,10537.0,100.0,76,3476,9.172931328324486,0.0,0.001103430418058473,8235872.0
1.0516598306111034,9000.0,0.15,0.9999946352994259,0.13574263931099503,10589.0,100.0,77,3477,9.17716455017691,0.0,0.001099089136187834,8284060.0
1.0848168947066745,9000.0,0.15,0.9999944820480571,0.13513069047630258,10262.0,100.0,78,3478,9.145853422892289,0.0,0.0011331723011742418,8074726.0
1.0646269573770621,9000.0,0.15,0.9999945829802912,0.13492717558969763,10457.0,100.0,79,3479,9.164724745139457,0.0,0.001111664701829181,8238071.0
1.056843997562021,9000.0,0.15,0.9999946451677947,0.13493132372171573,10529.0,100.0,80,3480,9.171954458341213,0.0,0.0011042560666613386,8266925.0
1.0647533677481484,9000.0,0.15,0.9999946361812828,0.13411369343404275,10444.0,100.0,81,3481,9.164441773286223,0.0,0.0011120879618659878,8155745.0
1.0496099940598984,9000.0,0.15,0.9999946532202822,0.13536299525778578,10608.0,100.0,82,3482,9.17911752997895,0.0,0.001096529184958082,8329820.0
1.0633107969534272,9000.0,0.15,0.9999946076739425,0.13531119672398953,10466.0,100.0,83,3483,9.165902945115457,0.0,0.001111530979194401,8268138.0
1.0479549964753712,9000.0,0.15,0.9999946827146392,0.13453473270704402,10620.0,100.0,84,3484,9.180383307328686,0.0,0.0010940687501273618,8402262.0
1.052611289154726,9000.0,0.15,0.9999946636573683,0.1349974866135928,10572.0,100.0,85,3485,9.176144446099894,0.0,0.0010998464508982038,8317042.0
1.0491662276285718,9000.0,0.15,0.9999946354517057,0.13644704083593137,10617.0,100.0,86,3486,9.179599033475492,0.0,0.0010972839599118708,8306378.0
1.0465642759772762,9000.0,0.15,0.9999946549193447,0.136362691885434,10642.0,100.0,87,3487,9.1822035293263,0.0,0.0010946087302526918,8309882.0
1.0557913585225984,9000.0,0.15,0.9999946212483748,0.13555387291701346,10546.0,100.0,88,3488,9.17320059574315,0.0,0.001103297156642835,8251961.0
1.0483354798866038,9000.0,0.15,0.9999946415308534,0.13590604170657947,10625.0,100.0,89,3489,9.180297724824822,0.0,0.0010955499167768048,8351130.0
1.0530203808559675,9000.0,0.15,0.9999946208413931,0.13575749166150403,10577.0,100.0,90,3490,9.175886418754464,0.0,0.0011003001816868242,8331826.0
1.0608744597700912,9000.0,0.15,0.9999945929423626,0.1349142924343792,10496.0,100.0,91,3491,9.168112939697263,0.0,0.001107455342963437,8310255.0
1.0683730219501941,9000.0,0.15,0.9999945562483304,0.13606638292570175,10422.0,100.0,92,3492,9.161463269583907,0.0,0.0011173216107218165,8098910.0
1.0584914286582272,9000.0,0.15,0.9999946486443778,0.13434237916539266,10510.0,100.0,93,3493,9.170369380671243,0.0,0.0011053437500087296,8250152.0
1.0571060755564081,9000.0,0.15,0.9999946275524048,0.13598803269120474,10530.0,100.0,94,3494,9.17213176746886,0.0,0.0011058232859533657,8239345.0
1.059829783882379,9000.0,0.15,0.9999946134295025,0.13503663463970028,10503.0,100.0,95,3495,9.169125561730862,0.0,0.0011070422986316079,8292015.0
1.0470158473005235,9000.0,0.15,0.9999946942344183,0.1352892998306186,10628.0,100.0,96,3496,9.181559712109642,0.0,0.0010945664994511121,8313598.0
1.0540845390589548,9000.0,0.15,0.9999946258064877,0.13586438746753574,10564.0,100.0,97,3497,9.174866515120524,0.0,0.0011019200167048922,8225301.0
1.0565622881979913,9000.0,0.15,0.9999946502351819,0.1349395400708008,10531.0,100.0,98,3498,9.172328820455325,0.0,0.0011040973813114144,8311879.0
1.0540195214361916,9000.0,0.15,0.9999946963647202,0.13412606760168724,10549.0,100.0,99,3499,9.174492131631308,0.0,0.0011010912690988678,8308414.0
1.0753925415659222,9000.0,0.2,0.9999945110174779,0.13586466710200307,10356.0,100.0,0,4400,9.155135822282134,0.0,0.001123995672407201,8124935.0
1.061135429100465,9000.0,0.2,0.9999946071422359,0.1361944259902729,10490.0,100.0,1,4401,9.16836819073321,0.0,0.0011104062951847711,8192954.0
1.0770134229928106,9000.0,0.2,0.9999945140375452,0.13542360861292865,10338.0,100.0,2,4402,9.153328150733325,0.0,0.0011252807059974278,8134087.0
1.0525147773227859,9000.0,0.2,0.9999946148565046,0.13656947213262052,10584.0,100.0,3,4403,9.176568841248022,0.0,0.001100887976550425,8255391.0
1.0590215505091378,9000.0,0.2,0.9999946447810335,0.13471972824828088,10505.0,100.0,4,4404,9.169925240186995,0.0,0.0011065085658602018,8237206.0
1.0585715050895366,9000.0,0.2,0.9999946355880209,0.1345823094121078,10512.0,100.0,5,4405,9.17032121313032,0.0,0.0011054412195147226,8247485.0
1.0532432751387748,9000.0,0.2,0.9999946320549107,0.13576596942336103,10572.0,100.0,6,4406,9.17567651105567,0.0,0.0011009318868299822,8306621.0
1.0483233189566252,9000.0,0.2,0.999994704233209,0.1344180092553836,10611.0,100.0,7,4407,9.179881772355508,0.0,0.0010949935706352648,8325153.0
1.0644577973094644,9000.0,0.2,0.9999945640172779,0.135818770572612,10463.0,100.0,8,4408,9.165090343849464,0.0,0.0011124007606085557,8213725.0
1.060937289622122,9000.0,0.2,0.9999946034214849,0.13533227975304543,10493.0,100.0,9,4409,9.168133525183,0.0,0.0011085807125246895,8274300.0
1.038284697919876,9000.0,0.2,0.9999946835779608,0.13614083821398656,10730.0,100.0,10,4410,9.190202260740021,0.0,0.0010851448734951975,8458375.0
1.060951362757146,9000.0,0.2,0.9999945936362712,0.13607076551250477,10495.0,100.0,11,4411,9.168554603092513,0.0,0.001109534235381369,8177954.0
1.0534021262857263,9000.0,0.2,0.9999946241115594,0.13530503458266419,10572.0,100.0,12,4412,9.17527040298341,0.0,0.0011000894903096,8300001.0
1.0678268832131814,9000.0,0.2,0.9999945375651514,0.13587800958122145,10432.0,100.0,13,4413,9.16200326263943,0.0,0.0011157434843309234,8187264.0
1.060230647863417,9000.0,0.2,0.9999946115230516,0.13474448340649128,10499.0,100.0,14,4414,9.168703512307346,0.0,0.001106974327190982,8337264.0
1.056292306373402,9000.0,0.2,0.9999946231902647,0.13499941168059035,10540.0,100.0,15,4415,9.172255651321102,0.0,0.0011030424505414007,8294197.0
1.0427964264703813,9000.0,0.2,0.9999946849149662,0.13590027969993354,10678.0,100.0,16,4416,9.185727968929632,0.0,0.0010902184401693606,8380264.0
1.0533344990679168,9000.0,0.2,0.999994654352408,0.13514015050788003,10566.0,100.0,17,4417,9.175496759621987,0.0,0.001100673259674941,8330251.0
1.063936580524049,9000.0,0.2,0.9999945353312545,0.1370468589209572,10475.0,100.0,18,4418,9.166062412990295,0.0,0.0011129947980129365,8228857.0
1.0546086605923877,9000.0,0.2,0.9999945816815207,0.13618833324542481,10568.0,100.0,19,4419,9.174450269911443,0.0,0.0011017213935793648,8247870.0
1.0663484154555316,9000.0,0.2,0.999994542671801,0.13624875351992097,10447.0,100.0,20,4420,9.163557174398443,0.0,0.0011147484575222827,8200824.0
1.0782973209054834,9000.0,0.2,0.9999945154284304,0.13507069971981825,10324.0,100.0,21,4421,9.152049453354515,0.0,0.0011262526022908265,8121159.0
1.0631636897902281,9000.0,0.2,0.9999946150300432,0.13509744539530044,10466.0,100.0,22,4422,9.166252324796192,0.0,0.0011112030408501894,8256200.0
1.0712742551365184,9000.0,0.2,0.9999945034230155,0.13736856176447146,10402.0,100.0,23,4423,9.159115432936874,0.0,0.0011214237769431455,8061113.0
1.0663450603763431,9000.0,0.2,0.9999945657590088,0.13558865308981158,10442.0,100.0,24,4424,9.163459255188704,0.0,0.0011143353779851245,8178461.0
1.0564278675033267,9000.0,0.2,0.9999946434340715,0.13469452177316057,10534.0,100.0,25,4425,9.17244264512616,0.0,0.0011032905023060512,8178015.0
1.064489421542603,9000.0,0.2,0.9999946631368589,0.1337301661597261,10441.0,100.0,26,4426,9.164491257282961,0.0,0.0011119629794391483,8239987.0
1.053840873391781,9000.0,0.2,0.9999946514370984,0.13477057439348994,10561.0,100.0,27,4427,9.17488206309112,0.0,0.0011005636434582916,8394197.0
1.0513046427868973,9000.0,0.2,0.9999946664432705,0.1348374632318002,10586.0,100.0,28,4428,9.177257303320431,0.0,0.001098100938016068,8357072.0
1.0554009942030511,9000.0,0.2,0.999994654260603,0.13544267393597795,10543.0,100.0,29,4429,9.173639025150857,0.0,0.001103668722223929,8244806.0
1.062432576946459,9000.0,0.2,0.9999946378980806,0.13410295699077862,10469.0,100.0,30,4430,9.166557406214022,0.0,0.0011093404083434325,8229741.0
1.0613497863539232,9000.0,0.2,0.9999946555712873,0.13393840533920912,10477.0,100.0,31,4431,9.167403222463305,0.0,0.0011083062368541215,8294639.0
1.059823901828151,9000.0,0.2,0.9999946091911023,0.13497949752021374,10504.0,100.0,32,4432,9.169149748518384,0.0,0.0011067994603580628,8243496.0
1.0628538975732527,9000.0,0.2,0.9999946077067534,0.1348652588156014,10471.0,100.0,33,4433,9.166411626455195,0.0,0.0011102074229377232,8248671.0
1.060252626518052,9000.0,0.2,0.9999946376580872,0.13546599149364366,10493.0,100.0,34,4434,9.168981182617513,0.0,0.0011090440862709613,8206661.0
1.0526241165789318,9000.0,0.2,0.999994676441696,0.13510881963614757,10569.0,100.0,35,4435,9.17609199678003,0.0,0.0011004546484333368,8244409.0
1.0665213457742564,9000.0,0.2,0.9999945707060482,0.13537187065931452,10439.0,100.0,36,4436,9.163025117003864,0.0,0.0011143332553773388,8220141.0
1.0565997051534548,9000.0,0.2,0.9999945898208428,0.13639712162155315,10544.0,100.0,37,4437,9.172669751295459,0.0,0.0011047333680279231,8217721.0
1.0382814786278804,9000.0,0.2,0.9999947228604585,0.13532427709303577,10721.0,100.0,38,4438,9.189872270407637,0.0,0.001085002591015997,8398361.0
1.0572849174927683,9000.0,0.2,0.9999946366552537,0.13490382798994602,10526.0,100.0,39,4439,9.171511036916083,0.0,0.0011044802681647594,8341326.0
1.0539658334896291,9000.0,0.2,0.9999946272620207,0.13545130460747978,10565.0,100.0,40,4440,9.175011363397108,0.0,0.001101115286623028,8309393.0
1.058598652006577,9000.0,0.2,0.999994616136603,0.1355040007118053,10516.0,100.0,41,4441,9.17045337370361,0.0,0.0011064527556660228,8250248.0
1.0704630265423,9000.0,0.2,0.9999945809884063,0.134742848607983,10394.0,100.0,42,4442,9.159010214960276,0.0,0.001118331500352932,8184285.0
1.0649670422412827,9000.0,0.2,0.9999945980063135,0.13526603544544355,10450.0,100.0,43,4443,9.164562759124417,0.0,0.0011131229880513324,8170770.0
1.0470922672353453,9000.0,0.2,0.9999947125582545,0.13505158871421769,10623.0,100.0,44,4444,9.181451957768752,0.0,0.001094832583960992,8317763.0
1.0418531583308046,9000.0,0.2,0.9999946751396316,0.13602869964332617,10691.0,100.0,45,4445,9.1865949900678,0.0,0.0010890070303856234,8333816.0
1.0655643256347993,9000.0,0.2,0.9999945956292874,0.13524930146671718,10444.0,100.0,46,4446,9.163872231578646,0.0,0.0011137530419918825,8228508.0
1.052375779290805,9000.0,0.2,0.9999946396692287,0.13535006223283588,10580.0,100.0,47,4447,9.176304521855544,0.0,0.001099419417959576,8276913.0
1.0645366419918783,9000.0,0.2,0.999994564642773,0.13605409108972732,10462.0,100.0,48,4448,9.165128409473603,0.0,0.0011129271058939307,8162191.0
1.0531339869169365,9000.0,0.2,0.9999946375198681,0.13520159761284284,10572.0,100.0,49,4449,9.175633906384158,0.0,0.0011000055643980017,8307930.0
1.056781479516492,9000.0,0.2,0.9999946618296789,0.13452510355999275,10526.0,100.0,50,4450,9.17198515359665,0.0,0.0011040165714428078,8291206.0
1.0545019925057706,9000.0,0.2,0.9999946094129143,0.13592237100663374,10563.0,100.0,51,4451,9.174634227966076,0.0,0.001101998191179293,8306652.0
1.047759984666989,9000.0,0.2,0.999994683600607,0.1352767384327447,10622.0,100.0,52,4452,9.180874982479947,0.0,0.0010951042115983896,8271556.0
1.0603445346311111,9000.0,0.2,0.9999946194412871,0.13516331466948686,10496.0,100.0,53,4453,9.168911306373563,0.0,0.0011080604101423156,8264010.0
1.0568326923102742,9000.0,0.2,0.9999945871675804,0.13665973275962304,10542.0,100.0,54,4454,9.172487618597016,0.0,0.001105385766312092,8277095.0
1.0668476771545203,9000.0,0.2,0.9999945819359753,0.13512295100983104,10433.0,100.0,55,4455,9.162631251686738,0.0,0.0011146506784422844,8218329.0
1.0581054886213266,9000.0,0.2,0.9999946272358291,0.13526141794087418,10519.0,100.0,56,4456,9.17086992211531,0.0,0.001105786489931386,8259653.0
1.051076217472413,9000.0,0.2,0.999994691255945,0.134691514057441,10583.0,100.0,57,4457,9.177473866648395,0.0,0.0010983441991204085,8285514.0
1.0771482703162336,9000.0,0.2,0.9999945260170247,0.13568836455820513,10334.0,100.0,58,4458,9.153268666182232,0.0,0.0011262793691213901,8070390.0
1.0695449377004247,9000.0,0.2,0.9999945252847204,0.13663520601945303,10416.0,100.0,59,4459,9.160404869092567,0.0,0.0011187522334019037,8093230.0
1.0595054580159555,9000.0,0.2,0.9999946205832249,0.13459481905537607,10505.0,100.0,60,4460,9.169512551049484,0.0,0.001106119662773847,8353006.0
1.0878070707085492,9000.0,0.2,0.9999944562954506,0.13514259283900976,10236.0,100.0,61,4461,9.143240612914202,0.0,0.0011359763496576042,8049611.0
1.0607692997846918,9000.0,0.2,0.9999946209067717,0.13543428913792824,10491.0,100.0,62,4462,9.168586069798911,0.0,0.001109081654445187,8204681.0
1.062818236044581,9000.0,0.2,0.9999946323044738,0.13402814190602796,10466.0,100.0,63,4463,9.166083015556218,0.0,0.0011095074015230247,8256689.0
1.0638345351946519,9000.0,0.2,0.9999946500587641,0.1339755352348835,10451.0,100.0,64,4464,9.165025937240525,0.0,0.0011111993048177808,8235382.0
1.0693215616424785,9000.0,0.2,0.9999945548977688,0.1358447500906173,10412.0,100.0,65,4465,9.160490682406264,0.0,0.0011180308194564264,8204967.0
1.0561451969171751,9000.0,0.2,0.9999946125485328,0.1356934047808499,10544.0,100.0,66,4466,9.172866806697101,0.0,0.0011036991493736275,8338718.0
1.0427972950348479,9000.0,0.2,0.9999946980320168,0.13563509987890976,10675.0,100.0,67,4467,9.185563981696742,0.0,0.0010901997965462682,8366696.0
1.0538177096417105,9000.0,0.2,0.9999946391492932,0.13525577629304839,10564.0,100.0,68,4468,9.175003945217163,0.0,0.0011009879427011265,8310788.0
1.06987537220708,9000.0,0.2,0.9999945456617181,0.1359201292853546,10408.0,100.0,69,4469,9.160057445986128,0.0,0.0011185330565114363,8090863.0
1.0647229281642179,9000.0,0.2,0.9999945827546386,0.13531233998243122,10456.0,100.0,70,4470,9.164747139585254,0.0,0.0011124425881721845,8173319.0
1.058815245483635,9000.0,0.2,0.9999946188750015,0.1359443123349788,10513.0,100.0,71,4471,9.170374456494542,0.0,0.0011075557799936839,8247624.0
1.054566630495327,9000.0,0.2,0.9999945927396742,0.13604975787119591,10566.0,100.0,72,4472,9.174470285930191,0.0,0.0011017835399681462,8323591.0
1.0546941873552287,9000.0,0.2,0.9999945953210228,0.13588381854013562,10564.0,100.0,73,4473,9.17417545229728,0.0,0.0011017441130328751,8345630.0
1.05135969136818,9000.0,0.2,0.9999946324761034,0.1354367282074181,10593.0,100.0,74,4474,9.177257678283004,0.0,0.0010981239560365443,8326583.0
1.0758239355852082,9000.0,0.2,0.9999945174372207,0.13603769717766456,10350.0,100.0,75,4475,9.154632996405317,0.0,0.0011250159614856236,8086552.0
1.0482014006812932,9000.0,0.2,0.9999946349508549,0.13639777310405227,10628.0,100.0,76,4476,9.180650625554986,0.0,0.0010960176267574195,8359024.0
1.059674300726923,9000.0,0.2,0.9999946212044424,0.13606045773475978,10503.0,100.0,77,4477,9.169890670182786,0.0,0.001108839223629306,8143239.0
1.0704343468605853,9000.0,0.2,0.9999945315624266,0.13622411347755514,10405.0,100.0,78,4478,9.15956042789721,0.0,0.0011192938741293366,8134317.0
1.0598108235503947,9000.0,0.2,0.9999946234452697,0.13559593115295654,10501.0,100.0,79,4479,9.169378324822688,0.0,0.0011082995464196136,8193762.0
1.0625535636512349,9000.0,0.2,0.9999945862671099,0.1360305364410689,10479.0,100.0,80,4480,9.166935771308426,0.0,0.0011111796925631146,8223523.0
1.0433673616815995,9000.0,0.2,0.9999946519801955,0.13704735948966099,10679.0,100.0,81,4481,9.185426002181627,0.0,0.0010918314636400724,8393109.0
1.0463103688862891,9000.0,0.2,0.999994672031693,0.13559187072014633,10641.0,100.0,82,4482,9.18229138339882,0.0,0.0010935332827227509,8369494.0
1.0534075818375042,9000.0,0.2,0.9999946014794092,0.13640892651915384,10577.0,100.0,83,4483,9.175606015969207,0.0,0.001101273358696194,8254620.0
1.0744521808560308,9000.0,0.2,0.9999945021542168,0.13626961114961023,10368.0,100.0,84,4484,9.15580436695371,0.0,0.0011232931039531042,8168817.0
1.0514306168969785,9000.0,0.2,0.9999946913997109,0.1342753398403826,10579.0,100.0,85,4485,9.176837658825349,0.0,0.0010980842232759065,8344050.0
1.048985831630261,9000.0,0.2,0.9999946533463494,0.13519176477401207,10615.0,100.0,86,4486,9.179557867961107,0.0,0.001095500835446644,8394807.0
1.0497754889761426,9000.0,0.2,0.9999946627260892,0.13519528671941902,10604.0,100.0,87,4487,9.1788514381544,0.0,0.0010967469842897827,8343279.0
1.049324283925657,9000.0,0.2,0.999994703083388,0.13431120883799627,10600.0,100.0,88,4488,9.179046333303816,0.0,0.00109597170046998,8331978.0
1.077614850397588,9000.0,0.2,0.9999944933225562,0.13554453396960842,10336.0,100.0,89,4489,9.1525155233458,0.0,0.0011255792447093062,8140820.0
1.0610815797915216,9000.0,0.2,0.9999945825853187,0.13592938582474468,10496.0,100.0,90,4490,9.168381232344567,0.0,0.0011090983360016653,8265170.0
1.0571427260057058,9000.0,0.2,0.9999946031816662,0.13550167645708452,10535.0,100.0,91,4491,9.171775273597783,0.0,0.0011042908151146285,8262141.0
1.051958046509802,9000.0,0.2,0.9999946471600913,0.13594214131082624,10583.0,100.0,92,4492,9.176846414044377,0.0,0.0011001674656747442,8291790.0
1.0570271437652528,9000.0,0.2,0.9999946405205978,0.13523805404823463,10528.0,100.0,93,4493,9.17203205410839,0.0,0.0011048582789523168,8244764.0
1.0607378438325412,9000.0,0.2,0.9999946315681416,0.13473914012514965,10489.0,100.0,94,4494,9.168450599951743,0.0,0.0011081799964562371,8241219.0
1.0614425597909924,9000.0,0.2,0.999994569073946,0.1362164885000425,10495.0,100.0,95,4495,9.16810299805102,0.0,0.001109608331606502,8231201.0
1.0499636223688107,9000.0,0.2,0.9999946533184821,0.1356948621957405,10604.0,100.0,96,4496,9.178839720118518,0.0,0.0010975241510261873,8367798.0
1.0599548135668184,9000.0,0.2,0.999994584523354,0.13566318716066642,10508.0,100.0,97,4497,9.169359489779097,0.0,0.0011073498701769178,8323628.0
1.0569784671690912,9000.0,0.2,0.9999946474665612,0.13507670987408033,10527.0,100.0,98,4498,9.171905078441451,0.0,0.0011047623598591945,8237438.0
1.05654727569486,9000.0,0.2,0.9999946600053765,0.13454451071969928,10529.0,100.0,99,4499,9.172017555505482,0.0,0.0011037213450843476,8304276.0
